chemin,fichier,type,label,format,anomalie
factures/valides/facture_0001.pdf,facture_0001.pdf,factures,valide,pdf,
factures/valides/facture_0002.pdf,facture_0002.pdf,factures,valide,pdf,
factures/valides/facture_0003.pdf,facture_0003.pdf,factures,valide,pdf,
factures/valides/facture_0004.pdf,facture_0004.pdf,factures,valide,pdf,
factures/valides/facture_0005.pdf,facture_0005.pdf,factures,valide,pdf,
factures/valides/facture_0006.pdf,facture_0006.pdf,factures,valide,pdf,
factures/valides/facture_0007.pdf,facture_0007.pdf,factures,valide,pdf,
factures/valides/facture_0008.pdf,facture_0008.pdf,factures,valide,pdf,
factures/valides/facture_0009.pdf,facture_0009.pdf,factures,valide,pdf,
factures/valides/facture_0010.pdf,facture_0010.pdf,factures,valide,pdf,
factures/valides/facture_0011.pdf,facture_0011.pdf,factures,valide,pdf,
factures/valides/facture_0012.pdf,facture_0012.pdf,factures,valide,pdf,
factures/valides/facture_0013.pdf,facture_0013.pdf,factures,valide,pdf,
factures/valides/facture_0014.pdf,facture_0014.pdf,factures,valide,pdf,
factures/valides/facture_0015.pdf,facture_0015.pdf,factures,valide,pdf,
factures/valides/facture_0016.pdf,facture_0016.pdf,factures,valide,pdf,
factures/valides/facture_0017.pdf,facture_0017.pdf,factures,valide,pdf,
factures/valides/facture_0018.pdf,facture_0018.pdf,factures,valide,pdf,
factures/valides/facture_0019.pdf,facture_0019.pdf,factures,valide,pdf,
factures/valides/facture_0020.pdf,facture_0020.pdf,factures,valide,pdf,
factures/valides/facture_0021.pdf,facture_0021.pdf,factures,valide,pdf,
factures/valides/facture_0022.pdf,facture_0022.pdf,factures,valide,pdf,
factures/valides/facture_0023.pdf,facture_0023.pdf,factures,valide,pdf,
factures/valides/facture_0024.pdf,facture_0024.pdf,factures,valide,pdf,
factures/valides/facture_0025.pdf,facture_0025.pdf,factures,valide,pdf,
factures/valides/facture_0026.pdf,facture_0026.pdf,factures,valide,pdf,
factures/valides/facture_0027.pdf,facture_0027.pdf,factures,valide,pdf,
factures/valides/facture_0028.pdf,facture_0028.pdf,factures,valide,pdf,
factures/valides/facture_0029.pdf,facture_0029.pdf,factures,valide,pdf,
factures/valides/facture_0030.pdf,facture_0030.pdf,factures,valide,pdf,
factures/valides/facture_0031.pdf,facture_0031.pdf,factures,valide,pdf,
factures/valides/facture_0032.pdf,facture_0032.pdf,factures,valide,pdf,
factures/valides/facture_0033.pdf,facture_0033.pdf,factures,valide,pdf,
factures/valides/facture_0034.pdf,facture_0034.pdf,factures,valide,pdf,
factures/valides/facture_0035.pdf,facture_0035.pdf,factures,valide,pdf,
factures/valides/facture_0036.pdf,facture_0036.pdf,factures,valide,pdf,
factures/valides/facture_0037.pdf,facture_0037.pdf,factures,valide,pdf,
factures/valides/facture_0038.pdf,facture_0038.pdf,factures,valide,pdf,
factures/valides/facture_0039.pdf,facture_0039.pdf,factures,valide,pdf,
factures/valides/facture_0040.pdf,facture_0040.pdf,factures,valide,pdf,
factures/valides/facture_0041.pdf,facture_0041.pdf,factures,valide,pdf,
factures/valides/facture_0042.pdf,facture_0042.pdf,factures,valide,pdf,
factures/valides/facture_0043.pdf,facture_0043.pdf,factures,valide,pdf,
factures/valides/facture_0044.pdf,facture_0044.pdf,factures,valide,pdf,
factures/valides/facture_0045.pdf,facture_0045.pdf,factures,valide,pdf,
factures/valides/facture_0046.pdf,facture_0046.pdf,factures,valide,pdf,
factures/valides/facture_0047.pdf,facture_0047.pdf,factures,valide,pdf,
factures/valides/facture_0048.pdf,facture_0048.pdf,factures,valide,pdf,
factures/valides/facture_0049.pdf,facture_0049.pdf,factures,valide,pdf,
factures/valides/facture_0050.pdf,facture_0050.pdf,factures,valide,pdf,
factures/erronees/cas1_tva_incoherente_01.pdf,cas1_tva_incoherente_01.pdf,factures,errone,pdf,tva_incoherente
factures/erronees/cas1_tva_incoherente_02.pdf,cas1_tva_incoherente_02.pdf,factures,errone,pdf,tva_incoherente
factures/erronees/cas1_tva_incoherente_03.pdf,cas1_tva_incoherente_03.pdf,factures,errone,pdf,tva_incoherente
factures/erronees/cas1_tva_incoherente_04.pdf,cas1_tva_incoherente_04.pdf,factures,errone,pdf,tva_incoherente
factures/erronees/cas1_tva_incoherente_05.pdf,cas1_tva_incoherente_05.pdf,factures,errone,pdf,tva_incoherente
factures/erronees/cas1_tva_incoherente_06.pdf,cas1_tva_incoherente_06.pdf,factures,errone,pdf,tva_incoherente
factures/erronees/cas1_tva_incoherente_07.pdf,cas1_tva_incoherente_07.pdf,factures,errone,pdf,tva_incoherente
factures/erronees/cas1_tva_incoherente_08.pdf,cas1_tva_incoherente_08.pdf,factures,errone,pdf,tva_incoherente
factures/erronees/cas1_tva_incoherente_09.pdf,cas1_tva_incoherente_09.pdf,factures,errone,pdf,tva_incoherente
factures/erronees/cas1_tva_incoherente_10.pdf,cas1_tva_incoherente_10.pdf,factures,errone,pdf,tva_incoherente
factures/erronees/cas2_totaux_incoherents_01.pdf,cas2_totaux_incoherents_01.pdf,factures,errone,pdf,totaux_incoherents
factures/erronees/cas2_totaux_incoherents_02.pdf,cas2_totaux_incoherents_02.pdf,factures,errone,pdf,totaux_incoherents
factures/erronees/cas2_totaux_incoherents_03.pdf,cas2_totaux_incoherents_03.pdf,factures,errone,pdf,totaux_incoherents
factures/erronees/cas2_totaux_incoherents_04.pdf,cas2_totaux_incoherents_04.pdf,factures,errone,pdf,totaux_incoherents
factures/erronees/cas2_totaux_incoherents_05.pdf,cas2_totaux_incoherents_05.pdf,factures,errone,pdf,totaux_incoherents
factures/erronees/cas2_totaux_incoherents_06.pdf,cas2_totaux_incoherents_06.pdf,factures,errone,pdf,totaux_incoherents
factures/erronees/cas2_totaux_incoherents_07.pdf,cas2_totaux_incoherents_07.pdf,factures,errone,pdf,totaux_incoherents
factures/erronees/cas2_totaux_incoherents_08.pdf,cas2_totaux_incoherents_08.pdf,factures,errone,pdf,totaux_incoherents
factures/erronees/cas2_totaux_incoherents_09.pdf,cas2_totaux_incoherents_09.pdf,factures,errone,pdf,totaux_incoherents
factures/erronees/cas2_totaux_incoherents_10.pdf,cas2_totaux_incoherents_10.pdf,factures,errone,pdf,totaux_incoherents
factures/erronees/cas3_numero_manquant_01.pdf,cas3_numero_manquant_01.pdf,factures,errone,pdf,numero_manquant
factures/erronees/cas3_numero_manquant_02.pdf,cas3_numero_manquant_02.pdf,factures,errone,pdf,numero_manquant
factures/erronees/cas3_numero_manquant_03.pdf,cas3_numero_manquant_03.pdf,factures,errone,pdf,numero_manquant
factures/erronees/cas3_numero_manquant_04.pdf,cas3_numero_manquant_04.pdf,factures,errone,pdf,numero_manquant
factures/erronees/cas3_numero_manquant_05.pdf,cas3_numero_manquant_05.pdf,factures,errone,pdf,numero_manquant
factures/erronees/cas3_numero_manquant_06.pdf,cas3_numero_manquant_06.pdf,factures,errone,pdf,numero_manquant
factures/erronees/cas3_numero_manquant_07.pdf,cas3_numero_manquant_07.pdf,factures,errone,pdf,numero_manquant
factures/erronees/cas3_numero_manquant_08.pdf,cas3_numero_manquant_08.pdf,factures,errone,pdf,numero_manquant
factures/erronees/cas3_numero_manquant_09.pdf,cas3_numero_manquant_09.pdf,factures,errone,pdf,numero_manquant
factures/erronees/cas3_numero_manquant_10.pdf,cas3_numero_manquant_10.pdf,factures,errone,pdf,numero_manquant
factures/erronees/cas4_remise_illogique_01.pdf,cas4_remise_illogique_01.pdf,factures,errone,pdf,remise_illogique
factures/erronees/cas4_remise_illogique_02.pdf,cas4_remise_illogique_02.pdf,factures,errone,pdf,remise_illogique
factures/erronees/cas4_remise_illogique_03.pdf,cas4_remise_illogique_03.pdf,factures,errone,pdf,remise_illogique
factures/erronees/cas4_remise_illogique_04.pdf,cas4_remise_illogique_04.pdf,factures,errone,pdf,remise_illogique
factures/erronees/cas4_remise_illogique_05.pdf,cas4_remise_illogique_05.pdf,factures,errone,pdf,remise_illogique
factures/erronees/cas4_remise_illogique_06.pdf,cas4_remise_illogique_06.pdf,factures,errone,pdf,remise_illogique
factures/erronees/cas4_remise_illogique_07.pdf,cas4_remise_illogique_07.pdf,factures,errone,pdf,remise_illogique
factures/erronees/cas4_remise_illogique_08.pdf,cas4_remise_illogique_08.pdf,factures,errone,pdf,remise_illogique
factures/erronees/cas4_remise_illogique_09.pdf,cas4_remise_illogique_09.pdf,factures,errone,pdf,remise_illogique
factures/erronees/cas4_remise_illogique_10.pdf,cas4_remise_illogique_10.pdf,factures,errone,pdf,remise_illogique
factures/erronees/cas5_fournisseur_egal_client_01.pdf,cas5_fournisseur_egal_client_01.pdf,factures,errone,pdf,fournisseur_egal_client
factures/erronees/cas5_fournisseur_egal_client_02.pdf,cas5_fournisseur_egal_client_02.pdf,factures,errone,pdf,fournisseur_egal_client
factures/erronees/cas5_fournisseur_egal_client_03.pdf,cas5_fournisseur_egal_client_03.pdf,factures,errone,pdf,fournisseur_egal_client
factures/erronees/cas5_fournisseur_egal_client_04.pdf,cas5_fournisseur_egal_client_04.pdf,factures,errone,pdf,fournisseur_egal_client
factures/erronees/cas5_fournisseur_egal_client_05.pdf,cas5_fournisseur_egal_client_05.pdf,factures,errone,pdf,fournisseur_egal_client
factures/erronees/cas5_fournisseur_egal_client_06.pdf,cas5_fournisseur_egal_client_06.pdf,factures,errone,pdf,fournisseur_egal_client
factures/erronees/cas5_fournisseur_egal_client_07.pdf,cas5_fournisseur_egal_client_07.pdf,factures,errone,pdf,fournisseur_egal_client
factures/erronees/cas5_fournisseur_egal_client_08.pdf,cas5_fournisseur_egal_client_08.pdf,factures,errone,pdf,fournisseur_egal_client
factures/erronees/cas5_fournisseur_egal_client_09.pdf,cas5_fournisseur_egal_client_09.pdf,factures,errone,pdf,fournisseur_egal_client
factures/erronees/cas5_fournisseur_egal_client_10.pdf,cas5_fournisseur_egal_client_10.pdf,factures,errone,pdf,fournisseur_egal_client
factures/scans/facture_0001_moyen_scan.jpg,facture_0001_moyen_scan.jpg,factures,valide,scan,
factures/scans/facture_0002_moyen_scan.jpg,facture_0002_moyen_scan.jpg,factures,valide,scan,
factures/scans/facture_0003_severe_scan.jpg,facture_0003_severe_scan.jpg,factures,valide,scan,
factures/scans/facture_0004_leger_scan.jpg,facture_0004_leger_scan.jpg,factures,valide,scan,
factures/scans/facture_0005_moyen_scan.jpg,facture_0005_moyen_scan.jpg,factures,valide,scan,
factures/scans/facture_0006_leger_scan.jpg,facture_0006_leger_scan.jpg,factures,valide,scan,
factures/scans/facture_0007_leger_scan.jpg,facture_0007_leger_scan.jpg,factures,valide,scan,
factures/scans/facture_0008_moyen_scan.jpg,facture_0008_moyen_scan.jpg,factures,valide,scan,
factures/scans/facture_0009_severe_scan.jpg,facture_0009_severe_scan.jpg,factures,valide,scan,
factures/scans/facture_0010_moyen_scan.jpg,facture_0010_moyen_scan.jpg,factures,valide,scan,
factures/scans/facture_0011_severe_scan.jpg,facture_0011_severe_scan.jpg,factures,valide,scan,
factures/scans/facture_0012_leger_scan.jpg,facture_0012_leger_scan.jpg,factures,valide,scan,
factures/scans/facture_0013_moyen_scan.jpg,facture_0013_moyen_scan.jpg,factures,valide,scan,
factures/scans/facture_0014_moyen_scan.jpg,facture_0014_moyen_scan.jpg,factures,valide,scan,
factures/scans/facture_0015_severe_scan.jpg,facture_0015_severe_scan.jpg,factures,valide,scan,
factures/scans/facture_0016_leger_scan.jpg,facture_0016_leger_scan.jpg,factures,valide,scan,
factures/scans/facture_0017_moyen_scan.jpg,facture_0017_moyen_scan.jpg,factures,valide,scan,
factures/scans/facture_0018_moyen_scan.jpg,facture_0018_moyen_scan.jpg,factures,valide,scan,
factures/scans/facture_0019_moyen_scan.jpg,facture_0019_moyen_scan.jpg,factures,valide,scan,
factures/scans/facture_0020_leger_scan.jpg,facture_0020_leger_scan.jpg,factures,valide,scan,
factures/scans/facture_0021_leger_scan.jpg,facture_0021_leger_scan.jpg,factures,valide,scan,
factures/scans/facture_0022_moyen_scan.jpg,facture_0022_moyen_scan.jpg,factures,valide,scan,
factures/scans/facture_0023_severe_scan.jpg,facture_0023_severe_scan.jpg,factures,valide,scan,
factures/scans/facture_0024_moyen_scan.jpg,facture_0024_moyen_scan.jpg,factures,valide,scan,
factures/scans/facture_0025_leger_scan.jpg,facture_0025_leger_scan.jpg,factures,valide,scan,
factures/scans/facture_0026_severe_scan.jpg,facture_0026_severe_scan.jpg,factures,valide,scan,
factures/scans/facture_0027_severe_scan.jpg,facture_0027_severe_scan.jpg,factures,valide,scan,
factures/scans/facture_0028_moyen_scan.jpg,facture_0028_moyen_scan.jpg,factures,valide,scan,
factures/scans/facture_0029_leger_scan.jpg,facture_0029_leger_scan.jpg,factures,valide,scan,
factures/scans/facture_0030_moyen_scan.jpg,facture_0030_moyen_scan.jpg,factures,valide,scan,
factures/scans/facture_0031_moyen_scan.jpg,facture_0031_moyen_scan.jpg,factures,valide,scan,
factures/scans/facture_0032_moyen_scan.jpg,facture_0032_moyen_scan.jpg,factures,valide,scan,
factures/scans/facture_0033_leger_scan.jpg,facture_0033_leger_scan.jpg,factures,valide,scan,
factures/scans/facture_0034_moyen_scan.jpg,facture_0034_moyen_scan.jpg,factures,valide,scan,
factures/scans/facture_0035_severe_scan.jpg,facture_0035_severe_scan.jpg,factures,valide,scan,
factures/scans/facture_0036_moyen_scan.jpg,facture_0036_moyen_scan.jpg,factures,valide,scan,
factures/scans/facture_0037_severe_scan.jpg,facture_0037_severe_scan.jpg,factures,valide,scan,
factures/scans/facture_0038_leger_scan.jpg,facture_0038_leger_scan.jpg,factures,valide,scan,
factures/scans/facture_0039_leger_scan.jpg,facture_0039_leger_scan.jpg,factures,valide,scan,
factures/scans/facture_0040_leger_scan.jpg,facture_0040_leger_scan.jpg,factures,valide,scan,
factures/scans/facture_0041_moyen_scan.jpg,facture_0041_moyen_scan.jpg,factures,valide,scan,
factures/scans/facture_0042_leger_scan.jpg,facture_0042_leger_scan.jpg,factures,valide,scan,
factures/scans/facture_0043_leger_scan.jpg,facture_0043_leger_scan.jpg,factures,valide,scan,
factures/scans/facture_0044_leger_scan.jpg,facture_0044_leger_scan.jpg,factures,valide,scan,
factures/scans/facture_0045_moyen_scan.jpg,facture_0045_moyen_scan.jpg,factures,valide,scan,
factures/scans/facture_0046_severe_scan.jpg,facture_0046_severe_scan.jpg,factures,valide,scan,
factures/scans/facture_0047_leger_scan.jpg,facture_0047_leger_scan.jpg,factures,valide,scan,
factures/scans/facture_0048_severe_scan.jpg,facture_0048_severe_scan.jpg,factures,valide,scan,
factures/scans/facture_0049_severe_scan.jpg,facture_0049_severe_scan.jpg,factures,valide,scan,
factures/scans/facture_0050_severe_scan.jpg,facture_0050_severe_scan.jpg,factures,valide,scan,
factures/scans_erronees/cas1_tva_incoherente_01_moyen_scan.jpg,cas1_tva_incoherente_01_moyen_scan.jpg,factures,errone,scan,
factures/scans_erronees/cas1_tva_incoherente_02_severe_scan.jpg,cas1_tva_incoherente_02_severe_scan.jpg,factures,errone,scan,
factures/scans_erronees/cas1_tva_incoherente_03_moyen_scan.jpg,cas1_tva_incoherente_03_moyen_scan.jpg,factures,errone,scan,
factures/scans_erronees/cas1_tva_incoherente_04_severe_scan.jpg,cas1_tva_incoherente_04_severe_scan.jpg,factures,errone,scan,
factures/scans_erronees/cas1_tva_incoherente_05_severe_scan.jpg,cas1_tva_incoherente_05_severe_scan.jpg,factures,errone,scan,
factures/scans_erronees/cas1_tva_incoherente_06_severe_scan.jpg,cas1_tva_incoherente_06_severe_scan.jpg,factures,errone,scan,
factures/scans_erronees/cas1_tva_incoherente_07_moyen_scan.jpg,cas1_tva_incoherente_07_moyen_scan.jpg,factures,errone,scan,
factures/scans_erronees/cas1_tva_incoherente_08_severe_scan.jpg,cas1_tva_incoherente_08_severe_scan.jpg,factures,errone,scan,
factures/scans_erronees/cas1_tva_incoherente_09_moyen_scan.jpg,cas1_tva_incoherente_09_moyen_scan.jpg,factures,errone,scan,
factures/scans_erronees/cas1_tva_incoherente_10_severe_scan.jpg,cas1_tva_incoherente_10_severe_scan.jpg,factures,errone,scan,
factures/scans_erronees/cas2_totaux_incoherents_01_moyen_scan.jpg,cas2_totaux_incoherents_01_moyen_scan.jpg,factures,errone,scan,
factures/scans_erronees/cas2_totaux_incoherents_02_moyen_scan.jpg,cas2_totaux_incoherents_02_moyen_scan.jpg,factures,errone,scan,
factures/scans_erronees/cas2_totaux_incoherents_03_severe_scan.jpg,cas2_totaux_incoherents_03_severe_scan.jpg,factures,errone,scan,
factures/scans_erronees/cas2_totaux_incoherents_04_severe_scan.jpg,cas2_totaux_incoherents_04_severe_scan.jpg,factures,errone,scan,
factures/scans_erronees/cas2_totaux_incoherents_05_severe_scan.jpg,cas2_totaux_incoherents_05_severe_scan.jpg,factures,errone,scan,
factures/scans_erronees/cas2_totaux_incoherents_06_moyen_scan.jpg,cas2_totaux_incoherents_06_moyen_scan.jpg,factures,errone,scan,
factures/scans_erronees/cas2_totaux_incoherents_07_moyen_scan.jpg,cas2_totaux_incoherents_07_moyen_scan.jpg,factures,errone,scan,
factures/scans_erronees/cas2_totaux_incoherents_08_severe_scan.jpg,cas2_totaux_incoherents_08_severe_scan.jpg,factures,errone,scan,
factures/scans_erronees/cas2_totaux_incoherents_09_severe_scan.jpg,cas2_totaux_incoherents_09_severe_scan.jpg,factures,errone,scan,
factures/scans_erronees/cas2_totaux_incoherents_10_moyen_scan.jpg,cas2_totaux_incoherents_10_moyen_scan.jpg,factures,errone,scan,
factures/scans_erronees/cas3_numero_manquant_01_severe_scan.jpg,cas3_numero_manquant_01_severe_scan.jpg,factures,errone,scan,
factures/scans_erronees/cas3_numero_manquant_02_severe_scan.jpg,cas3_numero_manquant_02_severe_scan.jpg,factures,errone,scan,
factures/scans_erronees/cas3_numero_manquant_03_moyen_scan.jpg,cas3_numero_manquant_03_moyen_scan.jpg,factures,errone,scan,
factures/scans_erronees/cas3_numero_manquant_04_leger_scan.jpg,cas3_numero_manquant_04_leger_scan.jpg,factures,errone,scan,
factures/scans_erronees/cas3_numero_manquant_05_severe_scan.jpg,cas3_numero_manquant_05_severe_scan.jpg,factures,errone,scan,
factures/scans_erronees/cas3_numero_manquant_06_leger_scan.jpg,cas3_numero_manquant_06_leger_scan.jpg,factures,errone,scan,
factures/scans_erronees/cas3_numero_manquant_07_leger_scan.jpg,cas3_numero_manquant_07_leger_scan.jpg,factures,errone,scan,
factures/scans_erronees/cas3_numero_manquant_08_leger_scan.jpg,cas3_numero_manquant_08_leger_scan.jpg,factures,errone,scan,
factures/scans_erronees/cas3_numero_manquant_09_leger_scan.jpg,cas3_numero_manquant_09_leger_scan.jpg,factures,errone,scan,
factures/scans_erronees/cas3_numero_manquant_10_moyen_scan.jpg,cas3_numero_manquant_10_moyen_scan.jpg,factures,errone,scan,
factures/scans_erronees/cas4_remise_illogique_01_leger_scan.jpg,cas4_remise_illogique_01_leger_scan.jpg,factures,errone,scan,
factures/scans_erronees/cas4_remise_illogique_02_leger_scan.jpg,cas4_remise_illogique_02_leger_scan.jpg,factures,errone,scan,
factures/scans_erronees/cas4_remise_illogique_03_moyen_scan.jpg,cas4_remise_illogique_03_moyen_scan.jpg,factures,errone,scan,
factures/scans_erronees/cas4_remise_illogique_04_moyen_scan.jpg,cas4_remise_illogique_04_moyen_scan.jpg,factures,errone,scan,
factures/scans_erronees/cas4_remise_illogique_05_moyen_scan.jpg,cas4_remise_illogique_05_moyen_scan.jpg,factures,errone,scan,
factures/scans_erronees/cas4_remise_illogique_06_moyen_scan.jpg,cas4_remise_illogique_06_moyen_scan.jpg,factures,errone,scan,
factures/scans_erronees/cas4_remise_illogique_07_leger_scan.jpg,cas4_remise_illogique_07_leger_scan.jpg,factures,errone,scan,
factures/scans_erronees/cas4_remise_illogique_08_moyen_scan.jpg,cas4_remise_illogique_08_moyen_scan.jpg,factures,errone,scan,
factures/scans_erronees/cas4_remise_illogique_09_moyen_scan.jpg,cas4_remise_illogique_09_moyen_scan.jpg,factures,errone,scan,
factures/scans_erronees/cas4_remise_illogique_10_leger_scan.jpg,cas4_remise_illogique_10_leger_scan.jpg,factures,errone,scan,
factures/scans_erronees/cas5_fournisseur_egal_client_01_leger_scan.jpg,cas5_fournisseur_egal_client_01_leger_scan.jpg,factures,errone,scan,
factures/scans_erronees/cas5_fournisseur_egal_client_02_moyen_scan.jpg,cas5_fournisseur_egal_client_02_moyen_scan.jpg,factures,errone,scan,
factures/scans_erronees/cas5_fournisseur_egal_client_03_severe_scan.jpg,cas5_fournisseur_egal_client_03_severe_scan.jpg,factures,errone,scan,
factures/scans_erronees/cas5_fournisseur_egal_client_04_severe_scan.jpg,cas5_fournisseur_egal_client_04_severe_scan.jpg,factures,errone,scan,
factures/scans_erronees/cas5_fournisseur_egal_client_05_moyen_scan.jpg,cas5_fournisseur_egal_client_05_moyen_scan.jpg,factures,errone,scan,
factures/scans_erronees/cas5_fournisseur_egal_client_06_moyen_scan.jpg,cas5_fournisseur_egal_client_06_moyen_scan.jpg,factures,errone,scan,
factures/scans_erronees/cas5_fournisseur_egal_client_07_leger_scan.jpg,cas5_fournisseur_egal_client_07_leger_scan.jpg,factures,errone,scan,
factures/scans_erronees/cas5_fournisseur_egal_client_08_moyen_scan.jpg,cas5_fournisseur_egal_client_08_moyen_scan.jpg,factures,errone,scan,
factures/scans_erronees/cas5_fournisseur_egal_client_09_severe_scan.jpg,cas5_fournisseur_egal_client_09_severe_scan.jpg,factures,errone,scan,
factures/scans_erronees/cas5_fournisseur_egal_client_10_moyen_scan.jpg,cas5_fournisseur_egal_client_10_moyen_scan.jpg,factures,errone,scan,
devis/valides/devis_0001.pdf,devis_0001.pdf,devis,valide,pdf,
devis/valides/devis_0002.pdf,devis_0002.pdf,devis,valide,pdf,
devis/valides/devis_0003.pdf,devis_0003.pdf,devis,valide,pdf,
devis/valides/devis_0004.pdf,devis_0004.pdf,devis,valide,pdf,
devis/valides/devis_0005.pdf,devis_0005.pdf,devis,valide,pdf,
devis/valides/devis_0006.pdf,devis_0006.pdf,devis,valide,pdf,
devis/valides/devis_0007.pdf,devis_0007.pdf,devis,valide,pdf,
devis/valides/devis_0008.pdf,devis_0008.pdf,devis,valide,pdf,
devis/valides/devis_0009.pdf,devis_0009.pdf,devis,valide,pdf,
devis/valides/devis_0010.pdf,devis_0010.pdf,devis,valide,pdf,
devis/valides/devis_0011.pdf,devis_0011.pdf,devis,valide,pdf,
devis/valides/devis_0012.pdf,devis_0012.pdf,devis,valide,pdf,
devis/valides/devis_0013.pdf,devis_0013.pdf,devis,valide,pdf,
devis/valides/devis_0014.pdf,devis_0014.pdf,devis,valide,pdf,
devis/valides/devis_0015.pdf,devis_0015.pdf,devis,valide,pdf,
devis/valides/devis_0016.pdf,devis_0016.pdf,devis,valide,pdf,
devis/valides/devis_0017.pdf,devis_0017.pdf,devis,valide,pdf,
devis/valides/devis_0018.pdf,devis_0018.pdf,devis,valide,pdf,
devis/valides/devis_0019.pdf,devis_0019.pdf,devis,valide,pdf,
devis/valides/devis_0020.pdf,devis_0020.pdf,devis,valide,pdf,
devis/valides/devis_0021.pdf,devis_0021.pdf,devis,valide,pdf,
devis/valides/devis_0022.pdf,devis_0022.pdf,devis,valide,pdf,
devis/valides/devis_0023.pdf,devis_0023.pdf,devis,valide,pdf,
devis/valides/devis_0024.pdf,devis_0024.pdf,devis,valide,pdf,
devis/valides/devis_0025.pdf,devis_0025.pdf,devis,valide,pdf,
devis/valides/devis_0026.pdf,devis_0026.pdf,devis,valide,pdf,
devis/valides/devis_0027.pdf,devis_0027.pdf,devis,valide,pdf,
devis/valides/devis_0028.pdf,devis_0028.pdf,devis,valide,pdf,
devis/valides/devis_0029.pdf,devis_0029.pdf,devis,valide,pdf,
devis/valides/devis_0030.pdf,devis_0030.pdf,devis,valide,pdf,
devis/erronees/cas1_validite_expiree_01.pdf,cas1_validite_expiree_01.pdf,devis,errone,pdf,validite_expiree
devis/erronees/cas1_validite_expiree_02.pdf,cas1_validite_expiree_02.pdf,devis,errone,pdf,validite_expiree
devis/erronees/cas1_validite_expiree_03.pdf,cas1_validite_expiree_03.pdf,devis,errone,pdf,validite_expiree
devis/erronees/cas1_validite_expiree_04.pdf,cas1_validite_expiree_04.pdf,devis,errone,pdf,validite_expiree
devis/erronees/cas1_validite_expiree_05.pdf,cas1_validite_expiree_05.pdf,devis,errone,pdf,validite_expiree
devis/erronees/cas1_validite_expiree_06.pdf,cas1_validite_expiree_06.pdf,devis,errone,pdf,validite_expiree
devis/erronees/cas1_validite_expiree_07.pdf,cas1_validite_expiree_07.pdf,devis,errone,pdf,validite_expiree
devis/erronees/cas1_validite_expiree_08.pdf,cas1_validite_expiree_08.pdf,devis,errone,pdf,validite_expiree
devis/erronees/cas1_validite_expiree_09.pdf,cas1_validite_expiree_09.pdf,devis,errone,pdf,validite_expiree
devis/erronees/cas1_validite_expiree_10.pdf,cas1_validite_expiree_10.pdf,devis,errone,pdf,validite_expiree
devis/erronees/cas2_totaux_incoherents_01.pdf,cas2_totaux_incoherents_01.pdf,devis,errone,pdf,totaux_incoherents
devis/erronees/cas2_totaux_incoherents_02.pdf,cas2_totaux_incoherents_02.pdf,devis,errone,pdf,totaux_incoherents
devis/erronees/cas2_totaux_incoherents_03.pdf,cas2_totaux_incoherents_03.pdf,devis,errone,pdf,totaux_incoherents
devis/erronees/cas2_totaux_incoherents_04.pdf,cas2_totaux_incoherents_04.pdf,devis,errone,pdf,totaux_incoherents
devis/erronees/cas2_totaux_incoherents_05.pdf,cas2_totaux_incoherents_05.pdf,devis,errone,pdf,totaux_incoherents
devis/erronees/cas2_totaux_incoherents_06.pdf,cas2_totaux_incoherents_06.pdf,devis,errone,pdf,totaux_incoherents
devis/erronees/cas2_totaux_incoherents_07.pdf,cas2_totaux_incoherents_07.pdf,devis,errone,pdf,totaux_incoherents
devis/erronees/cas2_totaux_incoherents_08.pdf,cas2_totaux_incoherents_08.pdf,devis,errone,pdf,totaux_incoherents
devis/erronees/cas2_totaux_incoherents_09.pdf,cas2_totaux_incoherents_09.pdf,devis,errone,pdf,totaux_incoherents
devis/erronees/cas2_totaux_incoherents_10.pdf,cas2_totaux_incoherents_10.pdf,devis,errone,pdf,totaux_incoherents
devis/erronees/cas3_numero_manquant_01.pdf,cas3_numero_manquant_01.pdf,devis,errone,pdf,numero_manquant
devis/erronees/cas3_numero_manquant_02.pdf,cas3_numero_manquant_02.pdf,devis,errone,pdf,numero_manquant
devis/erronees/cas3_numero_manquant_03.pdf,cas3_numero_manquant_03.pdf,devis,errone,pdf,numero_manquant
devis/erronees/cas3_numero_manquant_04.pdf,cas3_numero_manquant_04.pdf,devis,errone,pdf,numero_manquant
devis/erronees/cas3_numero_manquant_05.pdf,cas3_numero_manquant_05.pdf,devis,errone,pdf,numero_manquant
devis/erronees/cas3_numero_manquant_06.pdf,cas3_numero_manquant_06.pdf,devis,errone,pdf,numero_manquant
devis/erronees/cas3_numero_manquant_07.pdf,cas3_numero_manquant_07.pdf,devis,errone,pdf,numero_manquant
devis/erronees/cas3_numero_manquant_08.pdf,cas3_numero_manquant_08.pdf,devis,errone,pdf,numero_manquant
devis/erronees/cas3_numero_manquant_09.pdf,cas3_numero_manquant_09.pdf,devis,errone,pdf,numero_manquant
devis/erronees/cas3_numero_manquant_10.pdf,cas3_numero_manquant_10.pdf,devis,errone,pdf,numero_manquant
devis/erronees/cas4_remise_illogique_01.pdf,cas4_remise_illogique_01.pdf,devis,errone,pdf,remise_illogique
devis/erronees/cas4_remise_illogique_02.pdf,cas4_remise_illogique_02.pdf,devis,errone,pdf,remise_illogique
devis/erronees/cas4_remise_illogique_03.pdf,cas4_remise_illogique_03.pdf,devis,errone,pdf,remise_illogique
devis/erronees/cas4_remise_illogique_04.pdf,cas4_remise_illogique_04.pdf,devis,errone,pdf,remise_illogique
devis/erronees/cas4_remise_illogique_05.pdf,cas4_remise_illogique_05.pdf,devis,errone,pdf,remise_illogique
devis/erronees/cas4_remise_illogique_06.pdf,cas4_remise_illogique_06.pdf,devis,errone,pdf,remise_illogique
devis/erronees/cas4_remise_illogique_07.pdf,cas4_remise_illogique_07.pdf,devis,errone,pdf,remise_illogique
devis/erronees/cas4_remise_illogique_08.pdf,cas4_remise_illogique_08.pdf,devis,errone,pdf,remise_illogique
devis/erronees/cas4_remise_illogique_09.pdf,cas4_remise_illogique_09.pdf,devis,errone,pdf,remise_illogique
devis/erronees/cas4_remise_illogique_10.pdf,cas4_remise_illogique_10.pdf,devis,errone,pdf,remise_illogique
devis/erronees/cas5_prestataire_egal_client_01.pdf,cas5_prestataire_egal_client_01.pdf,devis,errone,pdf,prestataire_egal_client
devis/erronees/cas5_prestataire_egal_client_02.pdf,cas5_prestataire_egal_client_02.pdf,devis,errone,pdf,prestataire_egal_client
devis/erronees/cas5_prestataire_egal_client_03.pdf,cas5_prestataire_egal_client_03.pdf,devis,errone,pdf,prestataire_egal_client
devis/erronees/cas5_prestataire_egal_client_04.pdf,cas5_prestataire_egal_client_04.pdf,devis,errone,pdf,prestataire_egal_client
devis/erronees/cas5_prestataire_egal_client_05.pdf,cas5_prestataire_egal_client_05.pdf,devis,errone,pdf,prestataire_egal_client
devis/erronees/cas5_prestataire_egal_client_06.pdf,cas5_prestataire_egal_client_06.pdf,devis,errone,pdf,prestataire_egal_client
devis/erronees/cas5_prestataire_egal_client_07.pdf,cas5_prestataire_egal_client_07.pdf,devis,errone,pdf,prestataire_egal_client
devis/erronees/cas5_prestataire_egal_client_08.pdf,cas5_prestataire_egal_client_08.pdf,devis,errone,pdf,prestataire_egal_client
devis/erronees/cas5_prestataire_egal_client_09.pdf,cas5_prestataire_egal_client_09.pdf,devis,errone,pdf,prestataire_egal_client
devis/erronees/cas5_prestataire_egal_client_10.pdf,cas5_prestataire_egal_client_10.pdf,devis,errone,pdf,prestataire_egal_client
devis/scans/devis_0001_leger_scan.jpg,devis_0001_leger_scan.jpg,devis,valide,scan,
devis/scans/devis_0001_moyen_scan.jpg,devis_0001_moyen_scan.jpg,devis,valide,scan,
devis/scans/devis_0002_severe_scan.jpg,devis_0002_severe_scan.jpg,devis,valide,scan,
devis/scans/devis_0003_moyen_scan.jpg,devis_0003_moyen_scan.jpg,devis,valide,scan,
devis/scans/devis_0004_leger_scan.jpg,devis_0004_leger_scan.jpg,devis,valide,scan,
devis/scans/devis_0004_severe_scan.jpg,devis_0004_severe_scan.jpg,devis,valide,scan,
devis/scans/devis_0005_leger_scan.jpg,devis_0005_leger_scan.jpg,devis,valide,scan,
devis/scans/devis_0005_severe_scan.jpg,devis_0005_severe_scan.jpg,devis,valide,scan,
devis/scans/devis_0006_moyen_scan.jpg,devis_0006_moyen_scan.jpg,devis,valide,scan,
devis/scans/devis_0006_severe_scan.jpg,devis_0006_severe_scan.jpg,devis,valide,scan,
devis/scans/devis_0007_moyen_scan.jpg,devis_0007_moyen_scan.jpg,devis,valide,scan,
devis/scans/devis_0007_severe_scan.jpg,devis_0007_severe_scan.jpg,devis,valide,scan,
devis/scans/devis_0008_moyen_scan.jpg,devis_0008_moyen_scan.jpg,devis,valide,scan,
devis/scans/devis_0008_severe_scan.jpg,devis_0008_severe_scan.jpg,devis,valide,scan,
devis/scans/devis_0009_moyen_scan.jpg,devis_0009_moyen_scan.jpg,devis,valide,scan,
devis/scans/devis_0010_severe_scan.jpg,devis_0010_severe_scan.jpg,devis,valide,scan,
devis/scans/devis_0011_moyen_scan.jpg,devis_0011_moyen_scan.jpg,devis,valide,scan,
devis/scans/devis_0011_severe_scan.jpg,devis_0011_severe_scan.jpg,devis,valide,scan,
devis/scans/devis_0012_moyen_scan.jpg,devis_0012_moyen_scan.jpg,devis,valide,scan,
devis/scans/devis_0012_severe_scan.jpg,devis_0012_severe_scan.jpg,devis,valide,scan,
devis/scans/devis_0013_moyen_scan.jpg,devis_0013_moyen_scan.jpg,devis,valide,scan,
devis/scans/devis_0013_severe_scan.jpg,devis_0013_severe_scan.jpg,devis,valide,scan,
devis/scans/devis_0014_leger_scan.jpg,devis_0014_leger_scan.jpg,devis,valide,scan,
devis/scans/devis_0014_severe_scan.jpg,devis_0014_severe_scan.jpg,devis,valide,scan,
devis/scans/devis_0015_severe_scan.jpg,devis_0015_severe_scan.jpg,devis,valide,scan,
devis/scans/devis_0016_moyen_scan.jpg,devis_0016_moyen_scan.jpg,devis,valide,scan,
devis/scans/devis_0017_moyen_scan.jpg,devis_0017_moyen_scan.jpg,devis,valide,scan,
devis/scans/devis_0018_moyen_scan.jpg,devis_0018_moyen_scan.jpg,devis,valide,scan,
devis/scans/devis_0018_severe_scan.jpg,devis_0018_severe_scan.jpg,devis,valide,scan,
devis/scans/devis_0019_moyen_scan.jpg,devis_0019_moyen_scan.jpg,devis,valide,scan,
devis/scans/devis_0019_severe_scan.jpg,devis_0019_severe_scan.jpg,devis,valide,scan,
devis/scans/devis_0020_moyen_scan.jpg,devis_0020_moyen_scan.jpg,devis,valide,scan,
devis/scans/devis_0021_moyen_scan.jpg,devis_0021_moyen_scan.jpg,devis,valide,scan,
devis/scans/devis_0021_severe_scan.jpg,devis_0021_severe_scan.jpg,devis,valide,scan,
devis/scans/devis_0022_leger_scan.jpg,devis_0022_leger_scan.jpg,devis,valide,scan,
devis/scans/devis_0022_severe_scan.jpg,devis_0022_severe_scan.jpg,devis,valide,scan,
devis/scans/devis_0023_moyen_scan.jpg,devis_0023_moyen_scan.jpg,devis,valide,scan,
devis/scans/devis_0023_severe_scan.jpg,devis_0023_severe_scan.jpg,devis,valide,scan,
devis/scans/devis_0024_leger_scan.jpg,devis_0024_leger_scan.jpg,devis,valide,scan,
devis/scans/devis_0025_leger_scan.jpg,devis_0025_leger_scan.jpg,devis,valide,scan,
devis/scans/devis_0025_severe_scan.jpg,devis_0025_severe_scan.jpg,devis,valide,scan,
devis/scans/devis_0026_leger_scan.jpg,devis_0026_leger_scan.jpg,devis,valide,scan,
devis/scans/devis_0026_moyen_scan.jpg,devis_0026_moyen_scan.jpg,devis,valide,scan,
devis/scans/devis_0027_leger_scan.jpg,devis_0027_leger_scan.jpg,devis,valide,scan,
devis/scans/devis_0027_moyen_scan.jpg,devis_0027_moyen_scan.jpg,devis,valide,scan,
devis/scans/devis_0028_leger_scan.jpg,devis_0028_leger_scan.jpg,devis,valide,scan,
devis/scans/devis_0028_severe_scan.jpg,devis_0028_severe_scan.jpg,devis,valide,scan,
devis/scans/devis_0029_leger_scan.jpg,devis_0029_leger_scan.jpg,devis,valide,scan,
devis/scans/devis_0029_severe_scan.jpg,devis_0029_severe_scan.jpg,devis,valide,scan,
devis/scans/devis_0030_moyen_scan.jpg,devis_0030_moyen_scan.jpg,devis,valide,scan,
devis/scans/devis_0030_severe_scan.jpg,devis_0030_severe_scan.jpg,devis,valide,scan,
devis/scans_erronees/cas1_validite_expiree_01_moyen_scan.jpg,cas1_validite_expiree_01_moyen_scan.jpg,devis,errone,scan,
devis/scans_erronees/cas1_validite_expiree_02_moyen_scan.jpg,cas1_validite_expiree_02_moyen_scan.jpg,devis,errone,scan,
devis/scans_erronees/cas1_validite_expiree_03_severe_scan.jpg,cas1_validite_expiree_03_severe_scan.jpg,devis,errone,scan,
devis/scans_erronees/cas1_validite_expiree_04_severe_scan.jpg,cas1_validite_expiree_04_severe_scan.jpg,devis,errone,scan,
devis/scans_erronees/cas1_validite_expiree_05_severe_scan.jpg,cas1_validite_expiree_05_severe_scan.jpg,devis,errone,scan,
devis/scans_erronees/cas1_validite_expiree_06_leger_scan.jpg,cas1_validite_expiree_06_leger_scan.jpg,devis,errone,scan,
devis/scans_erronees/cas1_validite_expiree_07_severe_scan.jpg,cas1_validite_expiree_07_severe_scan.jpg,devis,errone,scan,
devis/scans_erronees/cas1_validite_expiree_08_moyen_scan.jpg,cas1_validite_expiree_08_moyen_scan.jpg,devis,errone,scan,
devis/scans_erronees/cas1_validite_expiree_09_moyen_scan.jpg,cas1_validite_expiree_09_moyen_scan.jpg,devis,errone,scan,
devis/scans_erronees/cas1_validite_expiree_10_leger_scan.jpg,cas1_validite_expiree_10_leger_scan.jpg,devis,errone,scan,
devis/scans_erronees/cas2_totaux_incoherents_01_leger_scan.jpg,cas2_totaux_incoherents_01_leger_scan.jpg,devis,errone,scan,
devis/scans_erronees/cas2_totaux_incoherents_02_severe_scan.jpg,cas2_totaux_incoherents_02_severe_scan.jpg,devis,errone,scan,
devis/scans_erronees/cas2_totaux_incoherents_03_moyen_scan.jpg,cas2_totaux_incoherents_03_moyen_scan.jpg,devis,errone,scan,
devis/scans_erronees/cas2_totaux_incoherents_04_moyen_scan.jpg,cas2_totaux_incoherents_04_moyen_scan.jpg,devis,errone,scan,
devis/scans_erronees/cas2_totaux_incoherents_05_moyen_scan.jpg,cas2_totaux_incoherents_05_moyen_scan.jpg,devis,errone,scan,
devis/scans_erronees/cas2_totaux_incoherents_06_leger_scan.jpg,cas2_totaux_incoherents_06_leger_scan.jpg,devis,errone,scan,
devis/scans_erronees/cas2_totaux_incoherents_07_severe_scan.jpg,cas2_totaux_incoherents_07_severe_scan.jpg,devis,errone,scan,
devis/scans_erronees/cas2_totaux_incoherents_08_leger_scan.jpg,cas2_totaux_incoherents_08_leger_scan.jpg,devis,errone,scan,
devis/scans_erronees/cas2_totaux_incoherents_09_leger_scan.jpg,cas2_totaux_incoherents_09_leger_scan.jpg,devis,errone,scan,
devis/scans_erronees/cas2_totaux_incoherents_10_leger_scan.jpg,cas2_totaux_incoherents_10_leger_scan.jpg,devis,errone,scan,
devis/scans_erronees/cas3_numero_manquant_01_leger_scan.jpg,cas3_numero_manquant_01_leger_scan.jpg,devis,errone,scan,
devis/scans_erronees/cas3_numero_manquant_02_moyen_scan.jpg,cas3_numero_manquant_02_moyen_scan.jpg,devis,errone,scan,
devis/scans_erronees/cas3_numero_manquant_03_severe_scan.jpg,cas3_numero_manquant_03_severe_scan.jpg,devis,errone,scan,
devis/scans_erronees/cas3_numero_manquant_04_moyen_scan.jpg,cas3_numero_manquant_04_moyen_scan.jpg,devis,errone,scan,
devis/scans_erronees/cas3_numero_manquant_05_severe_scan.jpg,cas3_numero_manquant_05_severe_scan.jpg,devis,errone,scan,
devis/scans_erronees/cas3_numero_manquant_06_moyen_scan.jpg,cas3_numero_manquant_06_moyen_scan.jpg,devis,errone,scan,
devis/scans_erronees/cas3_numero_manquant_07_moyen_scan.jpg,cas3_numero_manquant_07_moyen_scan.jpg,devis,errone,scan,
devis/scans_erronees/cas3_numero_manquant_08_severe_scan.jpg,cas3_numero_manquant_08_severe_scan.jpg,devis,errone,scan,
devis/scans_erronees/cas3_numero_manquant_09_severe_scan.jpg,cas3_numero_manquant_09_severe_scan.jpg,devis,errone,scan,
devis/scans_erronees/cas3_numero_manquant_10_severe_scan.jpg,cas3_numero_manquant_10_severe_scan.jpg,devis,errone,scan,
devis/scans_erronees/cas4_remise_illogique_01_leger_scan.jpg,cas4_remise_illogique_01_leger_scan.jpg,devis,errone,scan,
devis/scans_erronees/cas4_remise_illogique_02_moyen_scan.jpg,cas4_remise_illogique_02_moyen_scan.jpg,devis,errone,scan,
devis/scans_erronees/cas4_remise_illogique_03_leger_scan.jpg,cas4_remise_illogique_03_leger_scan.jpg,devis,errone,scan,
devis/scans_erronees/cas4_remise_illogique_04_moyen_scan.jpg,cas4_remise_illogique_04_moyen_scan.jpg,devis,errone,scan,
devis/scans_erronees/cas4_remise_illogique_05_severe_scan.jpg,cas4_remise_illogique_05_severe_scan.jpg,devis,errone,scan,
devis/scans_erronees/cas4_remise_illogique_06_leger_scan.jpg,cas4_remise_illogique_06_leger_scan.jpg,devis,errone,scan,
devis/scans_erronees/cas4_remise_illogique_07_moyen_scan.jpg,cas4_remise_illogique_07_moyen_scan.jpg,devis,errone,scan,
devis/scans_erronees/cas4_remise_illogique_08_moyen_scan.jpg,cas4_remise_illogique_08_moyen_scan.jpg,devis,errone,scan,
devis/scans_erronees/cas4_remise_illogique_09_moyen_scan.jpg,cas4_remise_illogique_09_moyen_scan.jpg,devis,errone,scan,
devis/scans_erronees/cas4_remise_illogique_10_leger_scan.jpg,cas4_remise_illogique_10_leger_scan.jpg,devis,errone,scan,
devis/scans_erronees/cas5_prestataire_egal_client_01_leger_scan.jpg,cas5_prestataire_egal_client_01_leger_scan.jpg,devis,errone,scan,
devis/scans_erronees/cas5_prestataire_egal_client_02_severe_scan.jpg,cas5_prestataire_egal_client_02_severe_scan.jpg,devis,errone,scan,
devis/scans_erronees/cas5_prestataire_egal_client_03_leger_scan.jpg,cas5_prestataire_egal_client_03_leger_scan.jpg,devis,errone,scan,
devis/scans_erronees/cas5_prestataire_egal_client_04_moyen_scan.jpg,cas5_prestataire_egal_client_04_moyen_scan.jpg,devis,errone,scan,
devis/scans_erronees/cas5_prestataire_egal_client_05_moyen_scan.jpg,cas5_prestataire_egal_client_05_moyen_scan.jpg,devis,errone,scan,
devis/scans_erronees/cas5_prestataire_egal_client_06_leger_scan.jpg,cas5_prestataire_egal_client_06_leger_scan.jpg,devis,errone,scan,
devis/scans_erronees/cas5_prestataire_egal_client_07_severe_scan.jpg,cas5_prestataire_egal_client_07_severe_scan.jpg,devis,errone,scan,
devis/scans_erronees/cas5_prestataire_egal_client_08_leger_scan.jpg,cas5_prestataire_egal_client_08_leger_scan.jpg,devis,errone,scan,
devis/scans_erronees/cas5_prestataire_egal_client_09_moyen_scan.jpg,cas5_prestataire_egal_client_09_moyen_scan.jpg,devis,errone,scan,
devis/scans_erronees/cas5_prestataire_egal_client_10_leger_scan.jpg,cas5_prestataire_egal_client_10_leger_scan.jpg,devis,errone,scan,
rib/valides/rib_01.pdf,rib_01.pdf,rib,valide,pdf,
rib/valides/rib_02.pdf,rib_02.pdf,rib,valide,pdf,
rib/valides/rib_03.pdf,rib_03.pdf,rib,valide,pdf,
rib/valides/rib_04.pdf,rib_04.pdf,rib,valide,pdf,
rib/valides/rib_05.pdf,rib_05.pdf,rib,valide,pdf,
rib/valides/rib_06.pdf,rib_06.pdf,rib,valide,pdf,
rib/valides/rib_07.pdf,rib_07.pdf,rib,valide,pdf,
rib/valides/rib_08.pdf,rib_08.pdf,rib,valide,pdf,
rib/valides/rib_09.pdf,rib_09.pdf,rib,valide,pdf,
rib/valides/rib_10.pdf,rib_10.pdf,rib,valide,pdf,
rib/valides/rib_11.pdf,rib_11.pdf,rib,valide,pdf,
rib/valides/rib_12.pdf,rib_12.pdf,rib,valide,pdf,
rib/valides/rib_13.pdf,rib_13.pdf,rib,valide,pdf,
rib/valides/rib_14.pdf,rib_14.pdf,rib,valide,pdf,
rib/valides/rib_15.pdf,rib_15.pdf,rib,valide,pdf,
rib/valides/rib_16.pdf,rib_16.pdf,rib,valide,pdf,
rib/valides/rib_17.pdf,rib_17.pdf,rib,valide,pdf,
rib/valides/rib_18.pdf,rib_18.pdf,rib,valide,pdf,
rib/valides/rib_19.pdf,rib_19.pdf,rib,valide,pdf,
rib/valides/rib_20.pdf,rib_20.pdf,rib,valide,pdf,
rib/valides/rib_21.pdf,rib_21.pdf,rib,valide,pdf,
rib/valides/rib_22.pdf,rib_22.pdf,rib,valide,pdf,
rib/valides/rib_23.pdf,rib_23.pdf,rib,valide,pdf,
rib/valides/rib_24.pdf,rib_24.pdf,rib,valide,pdf,
rib/valides/rib_25.pdf,rib_25.pdf,rib,valide,pdf,
rib/valides/rib_26.pdf,rib_26.pdf,rib,valide,pdf,
rib/valides/rib_27.pdf,rib_27.pdf,rib,valide,pdf,
rib/valides/rib_28.pdf,rib_28.pdf,rib,valide,pdf,
rib/valides/rib_29.pdf,rib_29.pdf,rib,valide,pdf,
rib/valides/rib_30.pdf,rib_30.pdf,rib,valide,pdf,
rib/erronees/cas1_iban_invalide_01.pdf,cas1_iban_invalide_01.pdf,rib,errone,pdf,iban_invalide
rib/erronees/cas1_iban_invalide_02.pdf,cas1_iban_invalide_02.pdf,rib,errone,pdf,iban_invalide
rib/erronees/cas1_iban_invalide_03.pdf,cas1_iban_invalide_03.pdf,rib,errone,pdf,iban_invalide
rib/erronees/cas1_iban_invalide_04.pdf,cas1_iban_invalide_04.pdf,rib,errone,pdf,iban_invalide
rib/erronees/cas1_iban_invalide_05.pdf,cas1_iban_invalide_05.pdf,rib,errone,pdf,iban_invalide
rib/erronees/cas1_iban_invalide_06.pdf,cas1_iban_invalide_06.pdf,rib,errone,pdf,iban_invalide
rib/erronees/cas1_iban_invalide_07.pdf,cas1_iban_invalide_07.pdf,rib,errone,pdf,iban_invalide
rib/erronees/cas1_iban_invalide_08.pdf,cas1_iban_invalide_08.pdf,rib,errone,pdf,iban_invalide
rib/erronees/cas1_iban_invalide_09.pdf,cas1_iban_invalide_09.pdf,rib,errone,pdf,iban_invalide
rib/erronees/cas1_iban_invalide_10.pdf,cas1_iban_invalide_10.pdf,rib,errone,pdf,iban_invalide
rib/erronees/cas2_bic_incoherent_01.pdf,cas2_bic_incoherent_01.pdf,rib,errone,pdf,bic_incoherent
rib/erronees/cas2_bic_incoherent_02.pdf,cas2_bic_incoherent_02.pdf,rib,errone,pdf,bic_incoherent
rib/erronees/cas2_bic_incoherent_03.pdf,cas2_bic_incoherent_03.pdf,rib,errone,pdf,bic_incoherent
rib/erronees/cas2_bic_incoherent_04.pdf,cas2_bic_incoherent_04.pdf,rib,errone,pdf,bic_incoherent
rib/erronees/cas2_bic_incoherent_05.pdf,cas2_bic_incoherent_05.pdf,rib,errone,pdf,bic_incoherent
rib/erronees/cas2_bic_incoherent_06.pdf,cas2_bic_incoherent_06.pdf,rib,errone,pdf,bic_incoherent
rib/erronees/cas2_bic_incoherent_07.pdf,cas2_bic_incoherent_07.pdf,rib,errone,pdf,bic_incoherent
rib/erronees/cas2_bic_incoherent_08.pdf,cas2_bic_incoherent_08.pdf,rib,errone,pdf,bic_incoherent
rib/erronees/cas2_bic_incoherent_09.pdf,cas2_bic_incoherent_09.pdf,rib,errone,pdf,bic_incoherent
rib/erronees/cas2_bic_incoherent_10.pdf,cas2_bic_incoherent_10.pdf,rib,errone,pdf,bic_incoherent
rib/erronees/cas3_titulaire_different_01.pdf,cas3_titulaire_different_01.pdf,rib,errone,pdf,titulaire_different
rib/erronees/cas3_titulaire_different_02.pdf,cas3_titulaire_different_02.pdf,rib,errone,pdf,titulaire_different
rib/erronees/cas3_titulaire_different_03.pdf,cas3_titulaire_different_03.pdf,rib,errone,pdf,titulaire_different
rib/erronees/cas3_titulaire_different_04.pdf,cas3_titulaire_different_04.pdf,rib,errone,pdf,titulaire_different
rib/erronees/cas3_titulaire_different_05.pdf,cas3_titulaire_different_05.pdf,rib,errone,pdf,titulaire_different
rib/erronees/cas3_titulaire_different_06.pdf,cas3_titulaire_different_06.pdf,rib,errone,pdf,titulaire_different
rib/erronees/cas3_titulaire_different_07.pdf,cas3_titulaire_different_07.pdf,rib,errone,pdf,titulaire_different
rib/erronees/cas3_titulaire_different_08.pdf,cas3_titulaire_different_08.pdf,rib,errone,pdf,titulaire_different
rib/erronees/cas3_titulaire_different_09.pdf,cas3_titulaire_different_09.pdf,rib,errone,pdf,titulaire_different
rib/erronees/cas3_titulaire_different_10.pdf,cas3_titulaire_different_10.pdf,rib,errone,pdf,titulaire_different
rib/erronees/cas4_domiciliation_etrangere_01.pdf,cas4_domiciliation_etrangere_01.pdf,rib,errone,pdf,domiciliation_etrangere
rib/erronees/cas4_domiciliation_etrangere_02.pdf,cas4_domiciliation_etrangere_02.pdf,rib,errone,pdf,domiciliation_etrangere
rib/erronees/cas4_domiciliation_etrangere_03.pdf,cas4_domiciliation_etrangere_03.pdf,rib,errone,pdf,domiciliation_etrangere
rib/erronees/cas4_domiciliation_etrangere_04.pdf,cas4_domiciliation_etrangere_04.pdf,rib,errone,pdf,domiciliation_etrangere
rib/erronees/cas4_domiciliation_etrangere_05.pdf,cas4_domiciliation_etrangere_05.pdf,rib,errone,pdf,domiciliation_etrangere
rib/erronees/cas4_domiciliation_etrangere_06.pdf,cas4_domiciliation_etrangere_06.pdf,rib,errone,pdf,domiciliation_etrangere
rib/erronees/cas4_domiciliation_etrangere_07.pdf,cas4_domiciliation_etrangere_07.pdf,rib,errone,pdf,domiciliation_etrangere
rib/erronees/cas4_domiciliation_etrangere_08.pdf,cas4_domiciliation_etrangere_08.pdf,rib,errone,pdf,domiciliation_etrangere
rib/erronees/cas4_domiciliation_etrangere_09.pdf,cas4_domiciliation_etrangere_09.pdf,rib,errone,pdf,domiciliation_etrangere
rib/erronees/cas4_domiciliation_etrangere_10.pdf,cas4_domiciliation_etrangere_10.pdf,rib,errone,pdf,domiciliation_etrangere
rib/erronees/cas5_iban_tronque_01.pdf,cas5_iban_tronque_01.pdf,rib,errone,pdf,iban_tronque
rib/erronees/cas5_iban_tronque_02.pdf,cas5_iban_tronque_02.pdf,rib,errone,pdf,iban_tronque
rib/erronees/cas5_iban_tronque_03.pdf,cas5_iban_tronque_03.pdf,rib,errone,pdf,iban_tronque
rib/erronees/cas5_iban_tronque_04.pdf,cas5_iban_tronque_04.pdf,rib,errone,pdf,iban_tronque
rib/erronees/cas5_iban_tronque_05.pdf,cas5_iban_tronque_05.pdf,rib,errone,pdf,iban_tronque
rib/erronees/cas5_iban_tronque_06.pdf,cas5_iban_tronque_06.pdf,rib,errone,pdf,iban_tronque
rib/erronees/cas5_iban_tronque_07.pdf,cas5_iban_tronque_07.pdf,rib,errone,pdf,iban_tronque
rib/erronees/cas5_iban_tronque_08.pdf,cas5_iban_tronque_08.pdf,rib,errone,pdf,iban_tronque
rib/erronees/cas5_iban_tronque_09.pdf,cas5_iban_tronque_09.pdf,rib,errone,pdf,iban_tronque
rib/erronees/cas5_iban_tronque_10.pdf,cas5_iban_tronque_10.pdf,rib,errone,pdf,iban_tronque
rib/scans/rib_01_leger_scan.jpg,rib_01_leger_scan.jpg,rib,valide,scan,
rib/scans/rib_02_moyen_scan.jpg,rib_02_moyen_scan.jpg,rib,valide,scan,
rib/scans/rib_03_moyen_scan.jpg,rib_03_moyen_scan.jpg,rib,valide,scan,
rib/scans/rib_04_severe_scan.jpg,rib_04_severe_scan.jpg,rib,valide,scan,
rib/scans/rib_05_moyen_scan.jpg,rib_05_moyen_scan.jpg,rib,valide,scan,
rib/scans/rib_06_moyen_scan.jpg,rib_06_moyen_scan.jpg,rib,valide,scan,
rib/scans/rib_07_moyen_scan.jpg,rib_07_moyen_scan.jpg,rib,valide,scan,
rib/scans/rib_08_moyen_scan.jpg,rib_08_moyen_scan.jpg,rib,valide,scan,
rib/scans/rib_09_severe_scan.jpg,rib_09_severe_scan.jpg,rib,valide,scan,
rib/scans/rib_10_leger_scan.jpg,rib_10_leger_scan.jpg,rib,valide,scan,
rib/scans/rib_11_severe_scan.jpg,rib_11_severe_scan.jpg,rib,valide,scan,
rib/scans/rib_12_moyen_scan.jpg,rib_12_moyen_scan.jpg,rib,valide,scan,
rib/scans/rib_13_leger_scan.jpg,rib_13_leger_scan.jpg,rib,valide,scan,
rib/scans/rib_14_moyen_scan.jpg,rib_14_moyen_scan.jpg,rib,valide,scan,
rib/scans/rib_15_leger_scan.jpg,rib_15_leger_scan.jpg,rib,valide,scan,
rib/scans/rib_16_leger_scan.jpg,rib_16_leger_scan.jpg,rib,valide,scan,
rib/scans/rib_17_severe_scan.jpg,rib_17_severe_scan.jpg,rib,valide,scan,
rib/scans/rib_18_moyen_scan.jpg,rib_18_moyen_scan.jpg,rib,valide,scan,
rib/scans/rib_19_severe_scan.jpg,rib_19_severe_scan.jpg,rib,valide,scan,
rib/scans/rib_20_severe_scan.jpg,rib_20_severe_scan.jpg,rib,valide,scan,
rib/scans/rib_21_severe_scan.jpg,rib_21_severe_scan.jpg,rib,valide,scan,
rib/scans/rib_22_moyen_scan.jpg,rib_22_moyen_scan.jpg,rib,valide,scan,
rib/scans/rib_23_moyen_scan.jpg,rib_23_moyen_scan.jpg,rib,valide,scan,
rib/scans/rib_24_moyen_scan.jpg,rib_24_moyen_scan.jpg,rib,valide,scan,
rib/scans/rib_25_severe_scan.jpg,rib_25_severe_scan.jpg,rib,valide,scan,
rib/scans/rib_26_moyen_scan.jpg,rib_26_moyen_scan.jpg,rib,valide,scan,
rib/scans/rib_27_leger_scan.jpg,rib_27_leger_scan.jpg,rib,valide,scan,
rib/scans/rib_28_moyen_scan.jpg,rib_28_moyen_scan.jpg,rib,valide,scan,
rib/scans/rib_29_moyen_scan.jpg,rib_29_moyen_scan.jpg,rib,valide,scan,
rib/scans/rib_30_leger_scan.jpg,rib_30_leger_scan.jpg,rib,valide,scan,
rib/scans_erronees/cas1_iban_invalide_01_moyen_scan.jpg,cas1_iban_invalide_01_moyen_scan.jpg,rib,errone,scan,
rib/scans_erronees/cas1_iban_invalide_02_moyen_scan.jpg,cas1_iban_invalide_02_moyen_scan.jpg,rib,errone,scan,
rib/scans_erronees/cas1_iban_invalide_03_moyen_scan.jpg,cas1_iban_invalide_03_moyen_scan.jpg,rib,errone,scan,
rib/scans_erronees/cas1_iban_invalide_04_leger_scan.jpg,cas1_iban_invalide_04_leger_scan.jpg,rib,errone,scan,
rib/scans_erronees/cas1_iban_invalide_05_moyen_scan.jpg,cas1_iban_invalide_05_moyen_scan.jpg,rib,errone,scan,
rib/scans_erronees/cas1_iban_invalide_06_moyen_scan.jpg,cas1_iban_invalide_06_moyen_scan.jpg,rib,errone,scan,
rib/scans_erronees/cas1_iban_invalide_07_moyen_scan.jpg,cas1_iban_invalide_07_moyen_scan.jpg,rib,errone,scan,
rib/scans_erronees/cas1_iban_invalide_08_leger_scan.jpg,cas1_iban_invalide_08_leger_scan.jpg,rib,errone,scan,
rib/scans_erronees/cas1_iban_invalide_09_severe_scan.jpg,cas1_iban_invalide_09_severe_scan.jpg,rib,errone,scan,
rib/scans_erronees/cas1_iban_invalide_10_leger_scan.jpg,cas1_iban_invalide_10_leger_scan.jpg,rib,errone,scan,
rib/scans_erronees/cas2_bic_incoherent_01_severe_scan.jpg,cas2_bic_incoherent_01_severe_scan.jpg,rib,errone,scan,
rib/scans_erronees/cas2_bic_incoherent_02_moyen_scan.jpg,cas2_bic_incoherent_02_moyen_scan.jpg,rib,errone,scan,
rib/scans_erronees/cas2_bic_incoherent_03_moyen_scan.jpg,cas2_bic_incoherent_03_moyen_scan.jpg,rib,errone,scan,
rib/scans_erronees/cas2_bic_incoherent_04_severe_scan.jpg,cas2_bic_incoherent_04_severe_scan.jpg,rib,errone,scan,
rib/scans_erronees/cas2_bic_incoherent_05_severe_scan.jpg,cas2_bic_incoherent_05_severe_scan.jpg,rib,errone,scan,
rib/scans_erronees/cas2_bic_incoherent_06_leger_scan.jpg,cas2_bic_incoherent_06_leger_scan.jpg,rib,errone,scan,
rib/scans_erronees/cas2_bic_incoherent_07_leger_scan.jpg,cas2_bic_incoherent_07_leger_scan.jpg,rib,errone,scan,
rib/scans_erronees/cas2_bic_incoherent_08_severe_scan.jpg,cas2_bic_incoherent_08_severe_scan.jpg,rib,errone,scan,
rib/scans_erronees/cas2_bic_incoherent_09_severe_scan.jpg,cas2_bic_incoherent_09_severe_scan.jpg,rib,errone,scan,
rib/scans_erronees/cas2_bic_incoherent_10_severe_scan.jpg,cas2_bic_incoherent_10_severe_scan.jpg,rib,errone,scan,
rib/scans_erronees/cas3_titulaire_different_01_moyen_scan.jpg,cas3_titulaire_different_01_moyen_scan.jpg,rib,errone,scan,
rib/scans_erronees/cas3_titulaire_different_02_moyen_scan.jpg,cas3_titulaire_different_02_moyen_scan.jpg,rib,errone,scan,
rib/scans_erronees/cas3_titulaire_different_03_moyen_scan.jpg,cas3_titulaire_different_03_moyen_scan.jpg,rib,errone,scan,
rib/scans_erronees/cas3_titulaire_different_04_moyen_scan.jpg,cas3_titulaire_different_04_moyen_scan.jpg,rib,errone,scan,
rib/scans_erronees/cas3_titulaire_different_05_severe_scan.jpg,cas3_titulaire_different_05_severe_scan.jpg,rib,errone,scan,
rib/scans_erronees/cas3_titulaire_different_06_leger_scan.jpg,cas3_titulaire_different_06_leger_scan.jpg,rib,errone,scan,
rib/scans_erronees/cas3_titulaire_different_07_moyen_scan.jpg,cas3_titulaire_different_07_moyen_scan.jpg,rib,errone,scan,
rib/scans_erronees/cas3_titulaire_different_08_moyen_scan.jpg,cas3_titulaire_different_08_moyen_scan.jpg,rib,errone,scan,
rib/scans_erronees/cas3_titulaire_different_09_leger_scan.jpg,cas3_titulaire_different_09_leger_scan.jpg,rib,errone,scan,
rib/scans_erronees/cas3_titulaire_different_10_moyen_scan.jpg,cas3_titulaire_different_10_moyen_scan.jpg,rib,errone,scan,
rib/scans_erronees/cas4_domiciliation_etrangere_01_severe_scan.jpg,cas4_domiciliation_etrangere_01_severe_scan.jpg,rib,errone,scan,
rib/scans_erronees/cas4_domiciliation_etrangere_02_severe_scan.jpg,cas4_domiciliation_etrangere_02_severe_scan.jpg,rib,errone,scan,
rib/scans_erronees/cas4_domiciliation_etrangere_03_severe_scan.jpg,cas4_domiciliation_etrangere_03_severe_scan.jpg,rib,errone,scan,
rib/scans_erronees/cas4_domiciliation_etrangere_04_severe_scan.jpg,cas4_domiciliation_etrangere_04_severe_scan.jpg,rib,errone,scan,
rib/scans_erronees/cas4_domiciliation_etrangere_05_moyen_scan.jpg,cas4_domiciliation_etrangere_05_moyen_scan.jpg,rib,errone,scan,
rib/scans_erronees/cas4_domiciliation_etrangere_06_severe_scan.jpg,cas4_domiciliation_etrangere_06_severe_scan.jpg,rib,errone,scan,
rib/scans_erronees/cas4_domiciliation_etrangere_07_moyen_scan.jpg,cas4_domiciliation_etrangere_07_moyen_scan.jpg,rib,errone,scan,
rib/scans_erronees/cas4_domiciliation_etrangere_08_leger_scan.jpg,cas4_domiciliation_etrangere_08_leger_scan.jpg,rib,errone,scan,
rib/scans_erronees/cas4_domiciliation_etrangere_09_severe_scan.jpg,cas4_domiciliation_etrangere_09_severe_scan.jpg,rib,errone,scan,
rib/scans_erronees/cas4_domiciliation_etrangere_10_leger_scan.jpg,cas4_domiciliation_etrangere_10_leger_scan.jpg,rib,errone,scan,
rib/scans_erronees/cas5_iban_tronque_01_moyen_scan.jpg,cas5_iban_tronque_01_moyen_scan.jpg,rib,errone,scan,
rib/scans_erronees/cas5_iban_tronque_02_leger_scan.jpg,cas5_iban_tronque_02_leger_scan.jpg,rib,errone,scan,
rib/scans_erronees/cas5_iban_tronque_03_leger_scan.jpg,cas5_iban_tronque_03_leger_scan.jpg,rib,errone,scan,
rib/scans_erronees/cas5_iban_tronque_04_moyen_scan.jpg,cas5_iban_tronque_04_moyen_scan.jpg,rib,errone,scan,
rib/scans_erronees/cas5_iban_tronque_05_moyen_scan.jpg,cas5_iban_tronque_05_moyen_scan.jpg,rib,errone,scan,
rib/scans_erronees/cas5_iban_tronque_06_severe_scan.jpg,cas5_iban_tronque_06_severe_scan.jpg,rib,errone,scan,
rib/scans_erronees/cas5_iban_tronque_07_leger_scan.jpg,cas5_iban_tronque_07_leger_scan.jpg,rib,errone,scan,
rib/scans_erronees/cas5_iban_tronque_08_leger_scan.jpg,cas5_iban_tronque_08_leger_scan.jpg,rib,errone,scan,
rib/scans_erronees/cas5_iban_tronque_09_moyen_scan.jpg,cas5_iban_tronque_09_moyen_scan.jpg,rib,errone,scan,
rib/scans_erronees/cas5_iban_tronque_10_leger_scan.jpg,cas5_iban_tronque_10_leger_scan.jpg,rib,errone,scan,
siret/valides/siret_01.pdf,siret_01.pdf,siret,valide,pdf,
siret/valides/siret_02.pdf,siret_02.pdf,siret,valide,pdf,
siret/valides/siret_03.pdf,siret_03.pdf,siret,valide,pdf,
siret/valides/siret_04.pdf,siret_04.pdf,siret,valide,pdf,
siret/valides/siret_05.pdf,siret_05.pdf,siret,valide,pdf,
siret/valides/siret_06.pdf,siret_06.pdf,siret,valide,pdf,
siret/valides/siret_07.pdf,siret_07.pdf,siret,valide,pdf,
siret/valides/siret_08.pdf,siret_08.pdf,siret,valide,pdf,
siret/valides/siret_09.pdf,siret_09.pdf,siret,valide,pdf,
siret/valides/siret_10.pdf,siret_10.pdf,siret,valide,pdf,
siret/valides/siret_11.pdf,siret_11.pdf,siret,valide,pdf,
siret/valides/siret_12.pdf,siret_12.pdf,siret,valide,pdf,
siret/valides/siret_13.pdf,siret_13.pdf,siret,valide,pdf,
siret/valides/siret_14.pdf,siret_14.pdf,siret,valide,pdf,
siret/valides/siret_15.pdf,siret_15.pdf,siret,valide,pdf,
siret/valides/siret_16.pdf,siret_16.pdf,siret,valide,pdf,
siret/valides/siret_17.pdf,siret_17.pdf,siret,valide,pdf,
siret/valides/siret_18.pdf,siret_18.pdf,siret,valide,pdf,
siret/valides/siret_19.pdf,siret_19.pdf,siret,valide,pdf,
siret/valides/siret_20.pdf,siret_20.pdf,siret,valide,pdf,
siret/valides/siret_21.pdf,siret_21.pdf,siret,valide,pdf,
siret/valides/siret_22.pdf,siret_22.pdf,siret,valide,pdf,
siret/valides/siret_23.pdf,siret_23.pdf,siret,valide,pdf,
siret/valides/siret_24.pdf,siret_24.pdf,siret,valide,pdf,
siret/valides/siret_25.pdf,siret_25.pdf,siret,valide,pdf,
siret/valides/siret_26.pdf,siret_26.pdf,siret,valide,pdf,
siret/valides/siret_27.pdf,siret_27.pdf,siret,valide,pdf,
siret/valides/siret_28.pdf,siret_28.pdf,siret,valide,pdf,
siret/valides/siret_29.pdf,siret_29.pdf,siret,valide,pdf,
siret/valides/siret_30.pdf,siret_30.pdf,siret,valide,pdf,
siret/erronees/cas1_siret_invalide_01.pdf,cas1_siret_invalide_01.pdf,siret,errone,pdf,siret_invalide
siret/erronees/cas1_siret_invalide_02.pdf,cas1_siret_invalide_02.pdf,siret,errone,pdf,siret_invalide
siret/erronees/cas1_siret_invalide_03.pdf,cas1_siret_invalide_03.pdf,siret,errone,pdf,siret_invalide
siret/erronees/cas1_siret_invalide_04.pdf,cas1_siret_invalide_04.pdf,siret,errone,pdf,siret_invalide
siret/erronees/cas1_siret_invalide_05.pdf,cas1_siret_invalide_05.pdf,siret,errone,pdf,siret_invalide
siret/erronees/cas1_siret_invalide_06.pdf,cas1_siret_invalide_06.pdf,siret,errone,pdf,siret_invalide
siret/erronees/cas1_siret_invalide_07.pdf,cas1_siret_invalide_07.pdf,siret,errone,pdf,siret_invalide
siret/erronees/cas1_siret_invalide_08.pdf,cas1_siret_invalide_08.pdf,siret,errone,pdf,siret_invalide
siret/erronees/cas1_siret_invalide_09.pdf,cas1_siret_invalide_09.pdf,siret,errone,pdf,siret_invalide
siret/erronees/cas1_siret_invalide_10.pdf,cas1_siret_invalide_10.pdf,siret,errone,pdf,siret_invalide
siret/erronees/cas2_siret_nom_incoherent_01.pdf,cas2_siret_nom_incoherent_01.pdf,siret,errone,pdf,siret_nom_incoherent
siret/erronees/cas2_siret_nom_incoherent_02.pdf,cas2_siret_nom_incoherent_02.pdf,siret,errone,pdf,siret_nom_incoherent
siret/erronees/cas2_siret_nom_incoherent_03.pdf,cas2_siret_nom_incoherent_03.pdf,siret,errone,pdf,siret_nom_incoherent
siret/erronees/cas2_siret_nom_incoherent_04.pdf,cas2_siret_nom_incoherent_04.pdf,siret,errone,pdf,siret_nom_incoherent
siret/erronees/cas2_siret_nom_incoherent_05.pdf,cas2_siret_nom_incoherent_05.pdf,siret,errone,pdf,siret_nom_incoherent
siret/erronees/cas2_siret_nom_incoherent_06.pdf,cas2_siret_nom_incoherent_06.pdf,siret,errone,pdf,siret_nom_incoherent
siret/erronees/cas2_siret_nom_incoherent_07.pdf,cas2_siret_nom_incoherent_07.pdf,siret,errone,pdf,siret_nom_incoherent
siret/erronees/cas2_siret_nom_incoherent_08.pdf,cas2_siret_nom_incoherent_08.pdf,siret,errone,pdf,siret_nom_incoherent
siret/erronees/cas2_siret_nom_incoherent_09.pdf,cas2_siret_nom_incoherent_09.pdf,siret,errone,pdf,siret_nom_incoherent
siret/erronees/cas2_siret_nom_incoherent_10.pdf,cas2_siret_nom_incoherent_10.pdf,siret,errone,pdf,siret_nom_incoherent
siret/erronees/cas3_attestation_expiree_01.pdf,cas3_attestation_expiree_01.pdf,siret,errone,pdf,attestation_expiree
siret/erronees/cas3_attestation_expiree_02.pdf,cas3_attestation_expiree_02.pdf,siret,errone,pdf,attestation_expiree
siret/erronees/cas3_attestation_expiree_03.pdf,cas3_attestation_expiree_03.pdf,siret,errone,pdf,attestation_expiree
siret/erronees/cas3_attestation_expiree_04.pdf,cas3_attestation_expiree_04.pdf,siret,errone,pdf,attestation_expiree
siret/erronees/cas3_attestation_expiree_05.pdf,cas3_attestation_expiree_05.pdf,siret,errone,pdf,attestation_expiree
siret/erronees/cas3_attestation_expiree_06.pdf,cas3_attestation_expiree_06.pdf,siret,errone,pdf,attestation_expiree
siret/erronees/cas3_attestation_expiree_07.pdf,cas3_attestation_expiree_07.pdf,siret,errone,pdf,attestation_expiree
siret/erronees/cas3_attestation_expiree_08.pdf,cas3_attestation_expiree_08.pdf,siret,errone,pdf,attestation_expiree
siret/erronees/cas3_attestation_expiree_09.pdf,cas3_attestation_expiree_09.pdf,siret,errone,pdf,attestation_expiree
siret/erronees/cas3_attestation_expiree_10.pdf,cas3_attestation_expiree_10.pdf,siret,errone,pdf,attestation_expiree
siret/erronees/cas4_naf_manquant_01.pdf,cas4_naf_manquant_01.pdf,siret,errone,pdf,naf_manquant
siret/erronees/cas4_naf_manquant_02.pdf,cas4_naf_manquant_02.pdf,siret,errone,pdf,naf_manquant
siret/erronees/cas4_naf_manquant_03.pdf,cas4_naf_manquant_03.pdf,siret,errone,pdf,naf_manquant
siret/erronees/cas4_naf_manquant_04.pdf,cas4_naf_manquant_04.pdf,siret,errone,pdf,naf_manquant
siret/erronees/cas4_naf_manquant_05.pdf,cas4_naf_manquant_05.pdf,siret,errone,pdf,naf_manquant
siret/erronees/cas4_naf_manquant_06.pdf,cas4_naf_manquant_06.pdf,siret,errone,pdf,naf_manquant
siret/erronees/cas4_naf_manquant_07.pdf,cas4_naf_manquant_07.pdf,siret,errone,pdf,naf_manquant
siret/erronees/cas4_naf_manquant_08.pdf,cas4_naf_manquant_08.pdf,siret,errone,pdf,naf_manquant
siret/erronees/cas4_naf_manquant_09.pdf,cas4_naf_manquant_09.pdf,siret,errone,pdf,naf_manquant
siret/erronees/cas4_naf_manquant_10.pdf,cas4_naf_manquant_10.pdf,siret,errone,pdf,naf_manquant
siret/erronees/cas5_etat_incoherent_01.pdf,cas5_etat_incoherent_01.pdf,siret,errone,pdf,etat_incoherent
siret/erronees/cas5_etat_incoherent_02.pdf,cas5_etat_incoherent_02.pdf,siret,errone,pdf,etat_incoherent
siret/erronees/cas5_etat_incoherent_03.pdf,cas5_etat_incoherent_03.pdf,siret,errone,pdf,etat_incoherent
siret/erronees/cas5_etat_incoherent_04.pdf,cas5_etat_incoherent_04.pdf,siret,errone,pdf,etat_incoherent
siret/erronees/cas5_etat_incoherent_05.pdf,cas5_etat_incoherent_05.pdf,siret,errone,pdf,etat_incoherent
siret/erronees/cas5_etat_incoherent_06.pdf,cas5_etat_incoherent_06.pdf,siret,errone,pdf,etat_incoherent
siret/erronees/cas5_etat_incoherent_07.pdf,cas5_etat_incoherent_07.pdf,siret,errone,pdf,etat_incoherent
siret/erronees/cas5_etat_incoherent_08.pdf,cas5_etat_incoherent_08.pdf,siret,errone,pdf,etat_incoherent
siret/erronees/cas5_etat_incoherent_09.pdf,cas5_etat_incoherent_09.pdf,siret,errone,pdf,etat_incoherent
siret/erronees/cas5_etat_incoherent_10.pdf,cas5_etat_incoherent_10.pdf,siret,errone,pdf,etat_incoherent
siret/scans/siret_01_leger_scan.jpg,siret_01_leger_scan.jpg,siret,valide,scan,
siret/scans/siret_02_moyen_scan.jpg,siret_02_moyen_scan.jpg,siret,valide,scan,
siret/scans/siret_03_leger_scan.jpg,siret_03_leger_scan.jpg,siret,valide,scan,
siret/scans/siret_04_leger_scan.jpg,siret_04_leger_scan.jpg,siret,valide,scan,
siret/scans/siret_05_severe_scan.jpg,siret_05_severe_scan.jpg,siret,valide,scan,
siret/scans/siret_06_leger_scan.jpg,siret_06_leger_scan.jpg,siret,valide,scan,
siret/scans/siret_07_severe_scan.jpg,siret_07_severe_scan.jpg,siret,valide,scan,
siret/scans/siret_08_moyen_scan.jpg,siret_08_moyen_scan.jpg,siret,valide,scan,
siret/scans/siret_09_moyen_scan.jpg,siret_09_moyen_scan.jpg,siret,valide,scan,
siret/scans/siret_10_severe_scan.jpg,siret_10_severe_scan.jpg,siret,valide,scan,
siret/scans/siret_11_severe_scan.jpg,siret_11_severe_scan.jpg,siret,valide,scan,
siret/scans/siret_12_moyen_scan.jpg,siret_12_moyen_scan.jpg,siret,valide,scan,
siret/scans/siret_13_severe_scan.jpg,siret_13_severe_scan.jpg,siret,valide,scan,
siret/scans/siret_14_moyen_scan.jpg,siret_14_moyen_scan.jpg,siret,valide,scan,
siret/scans/siret_15_moyen_scan.jpg,siret_15_moyen_scan.jpg,siret,valide,scan,
siret/scans/siret_16_severe_scan.jpg,siret_16_severe_scan.jpg,siret,valide,scan,
siret/scans/siret_17_moyen_scan.jpg,siret_17_moyen_scan.jpg,siret,valide,scan,
siret/scans/siret_18_leger_scan.jpg,siret_18_leger_scan.jpg,siret,valide,scan,
siret/scans/siret_19_leger_scan.jpg,siret_19_leger_scan.jpg,siret,valide,scan,
siret/scans/siret_20_moyen_scan.jpg,siret_20_moyen_scan.jpg,siret,valide,scan,
siret/scans/siret_21_leger_scan.jpg,siret_21_leger_scan.jpg,siret,valide,scan,
siret/scans/siret_22_moyen_scan.jpg,siret_22_moyen_scan.jpg,siret,valide,scan,
siret/scans/siret_23_moyen_scan.jpg,siret_23_moyen_scan.jpg,siret,valide,scan,
siret/scans/siret_24_moyen_scan.jpg,siret_24_moyen_scan.jpg,siret,valide,scan,
siret/scans/siret_25_severe_scan.jpg,siret_25_severe_scan.jpg,siret,valide,scan,
siret/scans/siret_26_severe_scan.jpg,siret_26_severe_scan.jpg,siret,valide,scan,
siret/scans/siret_27_moyen_scan.jpg,siret_27_moyen_scan.jpg,siret,valide,scan,
siret/scans/siret_28_severe_scan.jpg,siret_28_severe_scan.jpg,siret,valide,scan,
siret/scans/siret_29_moyen_scan.jpg,siret_29_moyen_scan.jpg,siret,valide,scan,
siret/scans/siret_30_moyen_scan.jpg,siret_30_moyen_scan.jpg,siret,valide,scan,
siret/scans_erronees/cas1_siret_invalide_01_severe_scan.jpg,cas1_siret_invalide_01_severe_scan.jpg,siret,errone,scan,
siret/scans_erronees/cas1_siret_invalide_02_leger_scan.jpg,cas1_siret_invalide_02_leger_scan.jpg,siret,errone,scan,
siret/scans_erronees/cas1_siret_invalide_03_leger_scan.jpg,cas1_siret_invalide_03_leger_scan.jpg,siret,errone,scan,
siret/scans_erronees/cas1_siret_invalide_04_moyen_scan.jpg,cas1_siret_invalide_04_moyen_scan.jpg,siret,errone,scan,
siret/scans_erronees/cas1_siret_invalide_05_moyen_scan.jpg,cas1_siret_invalide_05_moyen_scan.jpg,siret,errone,scan,
siret/scans_erronees/cas1_siret_invalide_06_leger_scan.jpg,cas1_siret_invalide_06_leger_scan.jpg,siret,errone,scan,
siret/scans_erronees/cas1_siret_invalide_07_severe_scan.jpg,cas1_siret_invalide_07_severe_scan.jpg,siret,errone,scan,
siret/scans_erronees/cas1_siret_invalide_08_leger_scan.jpg,cas1_siret_invalide_08_leger_scan.jpg,siret,errone,scan,
siret/scans_erronees/cas1_siret_invalide_09_leger_scan.jpg,cas1_siret_invalide_09_leger_scan.jpg,siret,errone,scan,
siret/scans_erronees/cas1_siret_invalide_10_leger_scan.jpg,cas1_siret_invalide_10_leger_scan.jpg,siret,errone,scan,
siret/scans_erronees/cas2_siret_nom_incoherent_01_moyen_scan.jpg,cas2_siret_nom_incoherent_01_moyen_scan.jpg,siret,errone,scan,
siret/scans_erronees/cas2_siret_nom_incoherent_02_leger_scan.jpg,cas2_siret_nom_incoherent_02_leger_scan.jpg,siret,errone,scan,
siret/scans_erronees/cas2_siret_nom_incoherent_03_severe_scan.jpg,cas2_siret_nom_incoherent_03_severe_scan.jpg,siret,errone,scan,
siret/scans_erronees/cas2_siret_nom_incoherent_04_severe_scan.jpg,cas2_siret_nom_incoherent_04_severe_scan.jpg,siret,errone,scan,
siret/scans_erronees/cas2_siret_nom_incoherent_05_severe_scan.jpg,cas2_siret_nom_incoherent_05_severe_scan.jpg,siret,errone,scan,
siret/scans_erronees/cas2_siret_nom_incoherent_06_moyen_scan.jpg,cas2_siret_nom_incoherent_06_moyen_scan.jpg,siret,errone,scan,
siret/scans_erronees/cas2_siret_nom_incoherent_07_leger_scan.jpg,cas2_siret_nom_incoherent_07_leger_scan.jpg,siret,errone,scan,
siret/scans_erronees/cas2_siret_nom_incoherent_08_severe_scan.jpg,cas2_siret_nom_incoherent_08_severe_scan.jpg,siret,errone,scan,
siret/scans_erronees/cas2_siret_nom_incoherent_09_severe_scan.jpg,cas2_siret_nom_incoherent_09_severe_scan.jpg,siret,errone,scan,
siret/scans_erronees/cas2_siret_nom_incoherent_10_severe_scan.jpg,cas2_siret_nom_incoherent_10_severe_scan.jpg,siret,errone,scan,
siret/scans_erronees/cas3_attestation_expiree_01_severe_scan.jpg,cas3_attestation_expiree_01_severe_scan.jpg,siret,errone,scan,
siret/scans_erronees/cas3_attestation_expiree_02_leger_scan.jpg,cas3_attestation_expiree_02_leger_scan.jpg,siret,errone,scan,
siret/scans_erronees/cas3_attestation_expiree_03_moyen_scan.jpg,cas3_attestation_expiree_03_moyen_scan.jpg,siret,errone,scan,
siret/scans_erronees/cas3_attestation_expiree_04_moyen_scan.jpg,cas3_attestation_expiree_04_moyen_scan.jpg,siret,errone,scan,
siret/scans_erronees/cas3_attestation_expiree_05_moyen_scan.jpg,cas3_attestation_expiree_05_moyen_scan.jpg,siret,errone,scan,
siret/scans_erronees/cas3_attestation_expiree_06_moyen_scan.jpg,cas3_attestation_expiree_06_moyen_scan.jpg,siret,errone,scan,
siret/scans_erronees/cas3_attestation_expiree_07_leger_scan.jpg,cas3_attestation_expiree_07_leger_scan.jpg,siret,errone,scan,
siret/scans_erronees/cas3_attestation_expiree_08_leger_scan.jpg,cas3_attestation_expiree_08_leger_scan.jpg,siret,errone,scan,
siret/scans_erronees/cas3_attestation_expiree_09_moyen_scan.jpg,cas3_attestation_expiree_09_moyen_scan.jpg,siret,errone,scan,
siret/scans_erronees/cas3_attestation_expiree_10_moyen_scan.jpg,cas3_attestation_expiree_10_moyen_scan.jpg,siret,errone,scan,
siret/scans_erronees/cas4_naf_manquant_01_moyen_scan.jpg,cas4_naf_manquant_01_moyen_scan.jpg,siret,errone,scan,
siret/scans_erronees/cas4_naf_manquant_02_leger_scan.jpg,cas4_naf_manquant_02_leger_scan.jpg,siret,errone,scan,
siret/scans_erronees/cas4_naf_manquant_03_moyen_scan.jpg,cas4_naf_manquant_03_moyen_scan.jpg,siret,errone,scan,
siret/scans_erronees/cas4_naf_manquant_04_severe_scan.jpg,cas4_naf_manquant_04_severe_scan.jpg,siret,errone,scan,
siret/scans_erronees/cas4_naf_manquant_05_leger_scan.jpg,cas4_naf_manquant_05_leger_scan.jpg,siret,errone,scan,
siret/scans_erronees/cas4_naf_manquant_06_moyen_scan.jpg,cas4_naf_manquant_06_moyen_scan.jpg,siret,errone,scan,
siret/scans_erronees/cas4_naf_manquant_07_moyen_scan.jpg,cas4_naf_manquant_07_moyen_scan.jpg,siret,errone,scan,
siret/scans_erronees/cas4_naf_manquant_08_severe_scan.jpg,cas4_naf_manquant_08_severe_scan.jpg,siret,errone,scan,
siret/scans_erronees/cas4_naf_manquant_09_leger_scan.jpg,cas4_naf_manquant_09_leger_scan.jpg,siret,errone,scan,
siret/scans_erronees/cas4_naf_manquant_10_leger_scan.jpg,cas4_naf_manquant_10_leger_scan.jpg,siret,errone,scan,
siret/scans_erronees/cas5_etat_incoherent_01_leger_scan.jpg,cas5_etat_incoherent_01_leger_scan.jpg,siret,errone,scan,
siret/scans_erronees/cas5_etat_incoherent_02_moyen_scan.jpg,cas5_etat_incoherent_02_moyen_scan.jpg,siret,errone,scan,
siret/scans_erronees/cas5_etat_incoherent_03_severe_scan.jpg,cas5_etat_incoherent_03_severe_scan.jpg,siret,errone,scan,
siret/scans_erronees/cas5_etat_incoherent_04_severe_scan.jpg,cas5_etat_incoherent_04_severe_scan.jpg,siret,errone,scan,
siret/scans_erronees/cas5_etat_incoherent_05_moyen_scan.jpg,cas5_etat_incoherent_05_moyen_scan.jpg,siret,errone,scan,
siret/scans_erronees/cas5_etat_incoherent_06_severe_scan.jpg,cas5_etat_incoherent_06_severe_scan.jpg,siret,errone,scan,
siret/scans_erronees/cas5_etat_incoherent_07_severe_scan.jpg,cas5_etat_incoherent_07_severe_scan.jpg,siret,errone,scan,
siret/scans_erronees/cas5_etat_incoherent_08_leger_scan.jpg,cas5_etat_incoherent_08_leger_scan.jpg,siret,errone,scan,
siret/scans_erronees/cas5_etat_incoherent_09_moyen_scan.jpg,cas5_etat_incoherent_09_moyen_scan.jpg,siret,errone,scan,
siret/scans_erronees/cas5_etat_incoherent_10_moyen_scan.jpg,cas5_etat_incoherent_10_moyen_scan.jpg,siret,errone,scan,
urssaf/valides/urssaf_01.pdf,urssaf_01.pdf,urssaf,valide,pdf,
urssaf/valides/urssaf_02.pdf,urssaf_02.pdf,urssaf,valide,pdf,
urssaf/valides/urssaf_03.pdf,urssaf_03.pdf,urssaf,valide,pdf,
urssaf/valides/urssaf_04.pdf,urssaf_04.pdf,urssaf,valide,pdf,
urssaf/valides/urssaf_05.pdf,urssaf_05.pdf,urssaf,valide,pdf,
urssaf/valides/urssaf_06.pdf,urssaf_06.pdf,urssaf,valide,pdf,
urssaf/valides/urssaf_07.pdf,urssaf_07.pdf,urssaf,valide,pdf,
urssaf/valides/urssaf_08.pdf,urssaf_08.pdf,urssaf,valide,pdf,
urssaf/valides/urssaf_09.pdf,urssaf_09.pdf,urssaf,valide,pdf,
urssaf/valides/urssaf_10.pdf,urssaf_10.pdf,urssaf,valide,pdf,
urssaf/valides/urssaf_11.pdf,urssaf_11.pdf,urssaf,valide,pdf,
urssaf/valides/urssaf_12.pdf,urssaf_12.pdf,urssaf,valide,pdf,
urssaf/valides/urssaf_13.pdf,urssaf_13.pdf,urssaf,valide,pdf,
urssaf/valides/urssaf_14.pdf,urssaf_14.pdf,urssaf,valide,pdf,
urssaf/valides/urssaf_15.pdf,urssaf_15.pdf,urssaf,valide,pdf,
urssaf/valides/urssaf_16.pdf,urssaf_16.pdf,urssaf,valide,pdf,
urssaf/valides/urssaf_17.pdf,urssaf_17.pdf,urssaf,valide,pdf,
urssaf/valides/urssaf_18.pdf,urssaf_18.pdf,urssaf,valide,pdf,
urssaf/valides/urssaf_19.pdf,urssaf_19.pdf,urssaf,valide,pdf,
urssaf/valides/urssaf_20.pdf,urssaf_20.pdf,urssaf,valide,pdf,
urssaf/valides/urssaf_21.pdf,urssaf_21.pdf,urssaf,valide,pdf,
urssaf/valides/urssaf_22.pdf,urssaf_22.pdf,urssaf,valide,pdf,
urssaf/valides/urssaf_23.pdf,urssaf_23.pdf,urssaf,valide,pdf,
urssaf/valides/urssaf_24.pdf,urssaf_24.pdf,urssaf,valide,pdf,
urssaf/valides/urssaf_25.pdf,urssaf_25.pdf,urssaf,valide,pdf,
urssaf/valides/urssaf_26.pdf,urssaf_26.pdf,urssaf,valide,pdf,
urssaf/valides/urssaf_27.pdf,urssaf_27.pdf,urssaf,valide,pdf,
urssaf/valides/urssaf_28.pdf,urssaf_28.pdf,urssaf,valide,pdf,
urssaf/valides/urssaf_29.pdf,urssaf_29.pdf,urssaf,valide,pdf,
urssaf/valides/urssaf_30.pdf,urssaf_30.pdf,urssaf,valide,pdf,
urssaf/erronees/cas1_attestation_expiree_01.pdf,cas1_attestation_expiree_01.pdf,urssaf,errone,pdf,attestation_expiree
urssaf/erronees/cas1_attestation_expiree_02.pdf,cas1_attestation_expiree_02.pdf,urssaf,errone,pdf,attestation_expiree
urssaf/erronees/cas1_attestation_expiree_03.pdf,cas1_attestation_expiree_03.pdf,urssaf,errone,pdf,attestation_expiree
urssaf/erronees/cas1_attestation_expiree_04.pdf,cas1_attestation_expiree_04.pdf,urssaf,errone,pdf,attestation_expiree
urssaf/erronees/cas1_attestation_expiree_05.pdf,cas1_attestation_expiree_05.pdf,urssaf,errone,pdf,attestation_expiree
urssaf/erronees/cas1_attestation_expiree_06.pdf,cas1_attestation_expiree_06.pdf,urssaf,errone,pdf,attestation_expiree
urssaf/erronees/cas1_attestation_expiree_07.pdf,cas1_attestation_expiree_07.pdf,urssaf,errone,pdf,attestation_expiree
urssaf/erronees/cas1_attestation_expiree_08.pdf,cas1_attestation_expiree_08.pdf,urssaf,errone,pdf,attestation_expiree
urssaf/erronees/cas1_attestation_expiree_09.pdf,cas1_attestation_expiree_09.pdf,urssaf,errone,pdf,attestation_expiree
urssaf/erronees/cas1_attestation_expiree_10.pdf,cas1_attestation_expiree_10.pdf,urssaf,errone,pdf,attestation_expiree
urssaf/erronees/cas2_siret_invalide_01.pdf,cas2_siret_invalide_01.pdf,urssaf,errone,pdf,siret_invalide
urssaf/erronees/cas2_siret_invalide_02.pdf,cas2_siret_invalide_02.pdf,urssaf,errone,pdf,siret_invalide
urssaf/erronees/cas2_siret_invalide_03.pdf,cas2_siret_invalide_03.pdf,urssaf,errone,pdf,siret_invalide
urssaf/erronees/cas2_siret_invalide_04.pdf,cas2_siret_invalide_04.pdf,urssaf,errone,pdf,siret_invalide
urssaf/erronees/cas2_siret_invalide_05.pdf,cas2_siret_invalide_05.pdf,urssaf,errone,pdf,siret_invalide
urssaf/erronees/cas2_siret_invalide_06.pdf,cas2_siret_invalide_06.pdf,urssaf,errone,pdf,siret_invalide
urssaf/erronees/cas2_siret_invalide_07.pdf,cas2_siret_invalide_07.pdf,urssaf,errone,pdf,siret_invalide
urssaf/erronees/cas2_siret_invalide_08.pdf,cas2_siret_invalide_08.pdf,urssaf,errone,pdf,siret_invalide
urssaf/erronees/cas2_siret_invalide_09.pdf,cas2_siret_invalide_09.pdf,urssaf,errone,pdf,siret_invalide
urssaf/erronees/cas2_siret_invalide_10.pdf,cas2_siret_invalide_10.pdf,urssaf,errone,pdf,siret_invalide
urssaf/erronees/cas3_num_cotisant_manquant_01.pdf,cas3_num_cotisant_manquant_01.pdf,urssaf,errone,pdf,num_cotisant_manquant
urssaf/erronees/cas3_num_cotisant_manquant_02.pdf,cas3_num_cotisant_manquant_02.pdf,urssaf,errone,pdf,num_cotisant_manquant
urssaf/erronees/cas3_num_cotisant_manquant_03.pdf,cas3_num_cotisant_manquant_03.pdf,urssaf,errone,pdf,num_cotisant_manquant
urssaf/erronees/cas3_num_cotisant_manquant_04.pdf,cas3_num_cotisant_manquant_04.pdf,urssaf,errone,pdf,num_cotisant_manquant
urssaf/erronees/cas3_num_cotisant_manquant_05.pdf,cas3_num_cotisant_manquant_05.pdf,urssaf,errone,pdf,num_cotisant_manquant
urssaf/erronees/cas3_num_cotisant_manquant_06.pdf,cas3_num_cotisant_manquant_06.pdf,urssaf,errone,pdf,num_cotisant_manquant
urssaf/erronees/cas3_num_cotisant_manquant_07.pdf,cas3_num_cotisant_manquant_07.pdf,urssaf,errone,pdf,num_cotisant_manquant
urssaf/erronees/cas3_num_cotisant_manquant_08.pdf,cas3_num_cotisant_manquant_08.pdf,urssaf,errone,pdf,num_cotisant_manquant
urssaf/erronees/cas3_num_cotisant_manquant_09.pdf,cas3_num_cotisant_manquant_09.pdf,urssaf,errone,pdf,num_cotisant_manquant
urssaf/erronees/cas3_num_cotisant_manquant_10.pdf,cas3_num_cotisant_manquant_10.pdf,urssaf,errone,pdf,num_cotisant_manquant
urssaf/erronees/cas4_periode_incoherente_01.pdf,cas4_periode_incoherente_01.pdf,urssaf,errone,pdf,periode_incoherente
urssaf/erronees/cas4_periode_incoherente_02.pdf,cas4_periode_incoherente_02.pdf,urssaf,errone,pdf,periode_incoherente
urssaf/erronees/cas4_periode_incoherente_03.pdf,cas4_periode_incoherente_03.pdf,urssaf,errone,pdf,periode_incoherente
urssaf/erronees/cas4_periode_incoherente_04.pdf,cas4_periode_incoherente_04.pdf,urssaf,errone,pdf,periode_incoherente
urssaf/erronees/cas4_periode_incoherente_05.pdf,cas4_periode_incoherente_05.pdf,urssaf,errone,pdf,periode_incoherente
urssaf/erronees/cas4_periode_incoherente_06.pdf,cas4_periode_incoherente_06.pdf,urssaf,errone,pdf,periode_incoherente
urssaf/erronees/cas4_periode_incoherente_07.pdf,cas4_periode_incoherente_07.pdf,urssaf,errone,pdf,periode_incoherente
urssaf/erronees/cas4_periode_incoherente_08.pdf,cas4_periode_incoherente_08.pdf,urssaf,errone,pdf,periode_incoherente
urssaf/erronees/cas4_periode_incoherente_09.pdf,cas4_periode_incoherente_09.pdf,urssaf,errone,pdf,periode_incoherente
urssaf/erronees/cas4_periode_incoherente_10.pdf,cas4_periode_incoherente_10.pdf,urssaf,errone,pdf,periode_incoherente
urssaf/erronees/cas5_region_incoherente_01.pdf,cas5_region_incoherente_01.pdf,urssaf,errone,pdf,region_incoherente
urssaf/erronees/cas5_region_incoherente_02.pdf,cas5_region_incoherente_02.pdf,urssaf,errone,pdf,region_incoherente
urssaf/erronees/cas5_region_incoherente_03.pdf,cas5_region_incoherente_03.pdf,urssaf,errone,pdf,region_incoherente
urssaf/erronees/cas5_region_incoherente_04.pdf,cas5_region_incoherente_04.pdf,urssaf,errone,pdf,region_incoherente
urssaf/erronees/cas5_region_incoherente_05.pdf,cas5_region_incoherente_05.pdf,urssaf,errone,pdf,region_incoherente
urssaf/erronees/cas5_region_incoherente_06.pdf,cas5_region_incoherente_06.pdf,urssaf,errone,pdf,region_incoherente
urssaf/erronees/cas5_region_incoherente_07.pdf,cas5_region_incoherente_07.pdf,urssaf,errone,pdf,region_incoherente
urssaf/erronees/cas5_region_incoherente_08.pdf,cas5_region_incoherente_08.pdf,urssaf,errone,pdf,region_incoherente
urssaf/erronees/cas5_region_incoherente_09.pdf,cas5_region_incoherente_09.pdf,urssaf,errone,pdf,region_incoherente
urssaf/erronees/cas5_region_incoherente_10.pdf,cas5_region_incoherente_10.pdf,urssaf,errone,pdf,region_incoherente
urssaf/scans/urssaf_01_severe_scan.jpg,urssaf_01_severe_scan.jpg,urssaf,valide,scan,
urssaf/scans/urssaf_02_severe_scan.jpg,urssaf_02_severe_scan.jpg,urssaf,valide,scan,
urssaf/scans/urssaf_03_moyen_scan.jpg,urssaf_03_moyen_scan.jpg,urssaf,valide,scan,
urssaf/scans/urssaf_04_severe_scan.jpg,urssaf_04_severe_scan.jpg,urssaf,valide,scan,
urssaf/scans/urssaf_05_moyen_scan.jpg,urssaf_05_moyen_scan.jpg,urssaf,valide,scan,
urssaf/scans/urssaf_06_moyen_scan.jpg,urssaf_06_moyen_scan.jpg,urssaf,valide,scan,
urssaf/scans/urssaf_07_severe_scan.jpg,urssaf_07_severe_scan.jpg,urssaf,valide,scan,
urssaf/scans/urssaf_08_leger_scan.jpg,urssaf_08_leger_scan.jpg,urssaf,valide,scan,
urssaf/scans/urssaf_09_moyen_scan.jpg,urssaf_09_moyen_scan.jpg,urssaf,valide,scan,
urssaf/scans/urssaf_10_severe_scan.jpg,urssaf_10_severe_scan.jpg,urssaf,valide,scan,
urssaf/scans/urssaf_11_severe_scan.jpg,urssaf_11_severe_scan.jpg,urssaf,valide,scan,
urssaf/scans/urssaf_12_moyen_scan.jpg,urssaf_12_moyen_scan.jpg,urssaf,valide,scan,
urssaf/scans/urssaf_13_moyen_scan.jpg,urssaf_13_moyen_scan.jpg,urssaf,valide,scan,
urssaf/scans/urssaf_14_severe_scan.jpg,urssaf_14_severe_scan.jpg,urssaf,valide,scan,
urssaf/scans/urssaf_15_moyen_scan.jpg,urssaf_15_moyen_scan.jpg,urssaf,valide,scan,
urssaf/scans/urssaf_16_severe_scan.jpg,urssaf_16_severe_scan.jpg,urssaf,valide,scan,
urssaf/scans/urssaf_17_moyen_scan.jpg,urssaf_17_moyen_scan.jpg,urssaf,valide,scan,
urssaf/scans/urssaf_18_severe_scan.jpg,urssaf_18_severe_scan.jpg,urssaf,valide,scan,
urssaf/scans/urssaf_19_leger_scan.jpg,urssaf_19_leger_scan.jpg,urssaf,valide,scan,
urssaf/scans/urssaf_20_leger_scan.jpg,urssaf_20_leger_scan.jpg,urssaf,valide,scan,
urssaf/scans/urssaf_21_leger_scan.jpg,urssaf_21_leger_scan.jpg,urssaf,valide,scan,
urssaf/scans/urssaf_22_moyen_scan.jpg,urssaf_22_moyen_scan.jpg,urssaf,valide,scan,
urssaf/scans/urssaf_23_leger_scan.jpg,urssaf_23_leger_scan.jpg,urssaf,valide,scan,
urssaf/scans/urssaf_24_leger_scan.jpg,urssaf_24_leger_scan.jpg,urssaf,valide,scan,
urssaf/scans/urssaf_25_moyen_scan.jpg,urssaf_25_moyen_scan.jpg,urssaf,valide,scan,
urssaf/scans/urssaf_26_severe_scan.jpg,urssaf_26_severe_scan.jpg,urssaf,valide,scan,
urssaf/scans/urssaf_27_leger_scan.jpg,urssaf_27_leger_scan.jpg,urssaf,valide,scan,
urssaf/scans/urssaf_28_leger_scan.jpg,urssaf_28_leger_scan.jpg,urssaf,valide,scan,
urssaf/scans/urssaf_29_moyen_scan.jpg,urssaf_29_moyen_scan.jpg,urssaf,valide,scan,
urssaf/scans/urssaf_30_severe_scan.jpg,urssaf_30_severe_scan.jpg,urssaf,valide,scan,
urssaf/scans_erronees/cas1_attestation_expiree_01_severe_scan.jpg,cas1_attestation_expiree_01_severe_scan.jpg,urssaf,errone,scan,
urssaf/scans_erronees/cas1_attestation_expiree_02_moyen_scan.jpg,cas1_attestation_expiree_02_moyen_scan.jpg,urssaf,errone,scan,
urssaf/scans_erronees/cas1_attestation_expiree_03_leger_scan.jpg,cas1_attestation_expiree_03_leger_scan.jpg,urssaf,errone,scan,
urssaf/scans_erronees/cas1_attestation_expiree_04_moyen_scan.jpg,cas1_attestation_expiree_04_moyen_scan.jpg,urssaf,errone,scan,
urssaf/scans_erronees/cas1_attestation_expiree_05_moyen_scan.jpg,cas1_attestation_expiree_05_moyen_scan.jpg,urssaf,errone,scan,
urssaf/scans_erronees/cas1_attestation_expiree_06_leger_scan.jpg,cas1_attestation_expiree_06_leger_scan.jpg,urssaf,errone,scan,
urssaf/scans_erronees/cas1_attestation_expiree_07_moyen_scan.jpg,cas1_attestation_expiree_07_moyen_scan.jpg,urssaf,errone,scan,
urssaf/scans_erronees/cas1_attestation_expiree_08_severe_scan.jpg,cas1_attestation_expiree_08_severe_scan.jpg,urssaf,errone,scan,
urssaf/scans_erronees/cas1_attestation_expiree_09_leger_scan.jpg,cas1_attestation_expiree_09_leger_scan.jpg,urssaf,errone,scan,
urssaf/scans_erronees/cas1_attestation_expiree_10_leger_scan.jpg,cas1_attestation_expiree_10_leger_scan.jpg,urssaf,errone,scan,
urssaf/scans_erronees/cas2_siret_invalide_01_severe_scan.jpg,cas2_siret_invalide_01_severe_scan.jpg,urssaf,errone,scan,
urssaf/scans_erronees/cas2_siret_invalide_02_leger_scan.jpg,cas2_siret_invalide_02_leger_scan.jpg,urssaf,errone,scan,
urssaf/scans_erronees/cas2_siret_invalide_03_moyen_scan.jpg,cas2_siret_invalide_03_moyen_scan.jpg,urssaf,errone,scan,
urssaf/scans_erronees/cas2_siret_invalide_04_moyen_scan.jpg,cas2_siret_invalide_04_moyen_scan.jpg,urssaf,errone,scan,
urssaf/scans_erronees/cas2_siret_invalide_05_moyen_scan.jpg,cas2_siret_invalide_05_moyen_scan.jpg,urssaf,errone,scan,
urssaf/scans_erronees/cas2_siret_invalide_06_leger_scan.jpg,cas2_siret_invalide_06_leger_scan.jpg,urssaf,errone,scan,
urssaf/scans_erronees/cas2_siret_invalide_07_moyen_scan.jpg,cas2_siret_invalide_07_moyen_scan.jpg,urssaf,errone,scan,
urssaf/scans_erronees/cas2_siret_invalide_08_severe_scan.jpg,cas2_siret_invalide_08_severe_scan.jpg,urssaf,errone,scan,
urssaf/scans_erronees/cas2_siret_invalide_09_moyen_scan.jpg,cas2_siret_invalide_09_moyen_scan.jpg,urssaf,errone,scan,
urssaf/scans_erronees/cas2_siret_invalide_10_severe_scan.jpg,cas2_siret_invalide_10_severe_scan.jpg,urssaf,errone,scan,
urssaf/scans_erronees/cas3_num_cotisant_manquant_01_leger_scan.jpg,cas3_num_cotisant_manquant_01_leger_scan.jpg,urssaf,errone,scan,
urssaf/scans_erronees/cas3_num_cotisant_manquant_02_severe_scan.jpg,cas3_num_cotisant_manquant_02_severe_scan.jpg,urssaf,errone,scan,
urssaf/scans_erronees/cas3_num_cotisant_manquant_03_moyen_scan.jpg,cas3_num_cotisant_manquant_03_moyen_scan.jpg,urssaf,errone,scan,
urssaf/scans_erronees/cas3_num_cotisant_manquant_04_moyen_scan.jpg,cas3_num_cotisant_manquant_04_moyen_scan.jpg,urssaf,errone,scan,
urssaf/scans_erronees/cas3_num_cotisant_manquant_05_severe_scan.jpg,cas3_num_cotisant_manquant_05_severe_scan.jpg,urssaf,errone,scan,
urssaf/scans_erronees/cas3_num_cotisant_manquant_06_moyen_scan.jpg,cas3_num_cotisant_manquant_06_moyen_scan.jpg,urssaf,errone,scan,
urssaf/scans_erronees/cas3_num_cotisant_manquant_07_leger_scan.jpg,cas3_num_cotisant_manquant_07_leger_scan.jpg,urssaf,errone,scan,
urssaf/scans_erronees/cas3_num_cotisant_manquant_08_severe_scan.jpg,cas3_num_cotisant_manquant_08_severe_scan.jpg,urssaf,errone,scan,
urssaf/scans_erronees/cas3_num_cotisant_manquant_09_moyen_scan.jpg,cas3_num_cotisant_manquant_09_moyen_scan.jpg,urssaf,errone,scan,
urssaf/scans_erronees/cas3_num_cotisant_manquant_10_leger_scan.jpg,cas3_num_cotisant_manquant_10_leger_scan.jpg,urssaf,errone,scan,
urssaf/scans_erronees/cas4_periode_incoherente_01_leger_scan.jpg,cas4_periode_incoherente_01_leger_scan.jpg,urssaf,errone,scan,
urssaf/scans_erronees/cas4_periode_incoherente_02_severe_scan.jpg,cas4_periode_incoherente_02_severe_scan.jpg,urssaf,errone,scan,
urssaf/scans_erronees/cas4_periode_incoherente_03_leger_scan.jpg,cas4_periode_incoherente_03_leger_scan.jpg,urssaf,errone,scan,
urssaf/scans_erronees/cas4_periode_incoherente_04_leger_scan.jpg,cas4_periode_incoherente_04_leger_scan.jpg,urssaf,errone,scan,
urssaf/scans_erronees/cas4_periode_incoherente_05_severe_scan.jpg,cas4_periode_incoherente_05_severe_scan.jpg,urssaf,errone,scan,
urssaf/scans_erronees/cas4_periode_incoherente_06_severe_scan.jpg,cas4_periode_incoherente_06_severe_scan.jpg,urssaf,errone,scan,
urssaf/scans_erronees/cas4_periode_incoherente_07_leger_scan.jpg,cas4_periode_incoherente_07_leger_scan.jpg,urssaf,errone,scan,
urssaf/scans_erronees/cas4_periode_incoherente_08_leger_scan.jpg,cas4_periode_incoherente_08_leger_scan.jpg,urssaf,errone,scan,
urssaf/scans_erronees/cas4_periode_incoherente_09_moyen_scan.jpg,cas4_periode_incoherente_09_moyen_scan.jpg,urssaf,errone,scan,
urssaf/scans_erronees/cas4_periode_incoherente_10_moyen_scan.jpg,cas4_periode_incoherente_10_moyen_scan.jpg,urssaf,errone,scan,
urssaf/scans_erronees/cas5_region_incoherente_01_leger_scan.jpg,cas5_region_incoherente_01_leger_scan.jpg,urssaf,errone,scan,
urssaf/scans_erronees/cas5_region_incoherente_02_moyen_scan.jpg,cas5_region_incoherente_02_moyen_scan.jpg,urssaf,errone,scan,
urssaf/scans_erronees/cas5_region_incoherente_03_moyen_scan.jpg,cas5_region_incoherente_03_moyen_scan.jpg,urssaf,errone,scan,
urssaf/scans_erronees/cas5_region_incoherente_04_leger_scan.jpg,cas5_region_incoherente_04_leger_scan.jpg,urssaf,errone,scan,
urssaf/scans_erronees/cas5_region_incoherente_05_leger_scan.jpg,cas5_region_incoherente_05_leger_scan.jpg,urssaf,errone,scan,
urssaf/scans_erronees/cas5_region_incoherente_06_severe_scan.jpg,cas5_region_incoherente_06_severe_scan.jpg,urssaf,errone,scan,
urssaf/scans_erronees/cas5_region_incoherente_07_moyen_scan.jpg,cas5_region_incoherente_07_moyen_scan.jpg,urssaf,errone,scan,
urssaf/scans_erronees/cas5_region_incoherente_08_severe_scan.jpg,cas5_region_incoherente_08_severe_scan.jpg,urssaf,errone,scan,
urssaf/scans_erronees/cas5_region_incoherente_09_leger_scan.jpg,cas5_region_incoherente_09_leger_scan.jpg,urssaf,errone,scan,
urssaf/scans_erronees/cas5_region_incoherente_10_severe_scan.jpg,cas5_region_incoherente_10_severe_scan.jpg,urssaf,errone,scan,
kbis/valides/kbis_01.pdf,kbis_01.pdf,kbis,valide,pdf,
kbis/valides/kbis_02.pdf,kbis_02.pdf,kbis,valide,pdf,
kbis/valides/kbis_03.pdf,kbis_03.pdf,kbis,valide,pdf,
kbis/valides/kbis_04.pdf,kbis_04.pdf,kbis,valide,pdf,
kbis/valides/kbis_05.pdf,kbis_05.pdf,kbis,valide,pdf,
kbis/valides/kbis_06.pdf,kbis_06.pdf,kbis,valide,pdf,
kbis/valides/kbis_07.pdf,kbis_07.pdf,kbis,valide,pdf,
kbis/valides/kbis_08.pdf,kbis_08.pdf,kbis,valide,pdf,
kbis/valides/kbis_09.pdf,kbis_09.pdf,kbis,valide,pdf,
kbis/valides/kbis_10.pdf,kbis_10.pdf,kbis,valide,pdf,
kbis/valides/kbis_11.pdf,kbis_11.pdf,kbis,valide,pdf,
kbis/valides/kbis_12.pdf,kbis_12.pdf,kbis,valide,pdf,
kbis/valides/kbis_13.pdf,kbis_13.pdf,kbis,valide,pdf,
kbis/valides/kbis_14.pdf,kbis_14.pdf,kbis,valide,pdf,
kbis/valides/kbis_15.pdf,kbis_15.pdf,kbis,valide,pdf,
kbis/valides/kbis_16.pdf,kbis_16.pdf,kbis,valide,pdf,
kbis/valides/kbis_17.pdf,kbis_17.pdf,kbis,valide,pdf,
kbis/valides/kbis_18.pdf,kbis_18.pdf,kbis,valide,pdf,
kbis/valides/kbis_19.pdf,kbis_19.pdf,kbis,valide,pdf,
kbis/valides/kbis_20.pdf,kbis_20.pdf,kbis,valide,pdf,
kbis/valides/kbis_21.pdf,kbis_21.pdf,kbis,valide,pdf,
kbis/valides/kbis_22.pdf,kbis_22.pdf,kbis,valide,pdf,
kbis/valides/kbis_23.pdf,kbis_23.pdf,kbis,valide,pdf,
kbis/valides/kbis_24.pdf,kbis_24.pdf,kbis,valide,pdf,
kbis/valides/kbis_25.pdf,kbis_25.pdf,kbis,valide,pdf,
kbis/valides/kbis_26.pdf,kbis_26.pdf,kbis,valide,pdf,
kbis/valides/kbis_27.pdf,kbis_27.pdf,kbis,valide,pdf,
kbis/valides/kbis_28.pdf,kbis_28.pdf,kbis,valide,pdf,
kbis/valides/kbis_29.pdf,kbis_29.pdf,kbis,valide,pdf,
kbis/valides/kbis_30.pdf,kbis_30.pdf,kbis,valide,pdf,
kbis/erronees/cas1_kbis_perime_01.pdf,cas1_kbis_perime_01.pdf,kbis,errone,pdf,kbis_perime
kbis/erronees/cas1_kbis_perime_02.pdf,cas1_kbis_perime_02.pdf,kbis,errone,pdf,kbis_perime
kbis/erronees/cas1_kbis_perime_03.pdf,cas1_kbis_perime_03.pdf,kbis,errone,pdf,kbis_perime
kbis/erronees/cas1_kbis_perime_04.pdf,cas1_kbis_perime_04.pdf,kbis,errone,pdf,kbis_perime
kbis/erronees/cas1_kbis_perime_05.pdf,cas1_kbis_perime_05.pdf,kbis,errone,pdf,kbis_perime
kbis/erronees/cas1_kbis_perime_06.pdf,cas1_kbis_perime_06.pdf,kbis,errone,pdf,kbis_perime
kbis/erronees/cas1_kbis_perime_07.pdf,cas1_kbis_perime_07.pdf,kbis,errone,pdf,kbis_perime
kbis/erronees/cas1_kbis_perime_08.pdf,cas1_kbis_perime_08.pdf,kbis,errone,pdf,kbis_perime
kbis/erronees/cas1_kbis_perime_09.pdf,cas1_kbis_perime_09.pdf,kbis,errone,pdf,kbis_perime
kbis/erronees/cas1_kbis_perime_10.pdf,cas1_kbis_perime_10.pdf,kbis,errone,pdf,kbis_perime
kbis/erronees/cas2_siren_invalide_01.pdf,cas2_siren_invalide_01.pdf,kbis,errone,pdf,siren_invalide
kbis/erronees/cas2_siren_invalide_02.pdf,cas2_siren_invalide_02.pdf,kbis,errone,pdf,siren_invalide
kbis/erronees/cas2_siren_invalide_03.pdf,cas2_siren_invalide_03.pdf,kbis,errone,pdf,siren_invalide
kbis/erronees/cas2_siren_invalide_04.pdf,cas2_siren_invalide_04.pdf,kbis,errone,pdf,siren_invalide
kbis/erronees/cas2_siren_invalide_05.pdf,cas2_siren_invalide_05.pdf,kbis,errone,pdf,siren_invalide
kbis/erronees/cas2_siren_invalide_06.pdf,cas2_siren_invalide_06.pdf,kbis,errone,pdf,siren_invalide
kbis/erronees/cas2_siren_invalide_07.pdf,cas2_siren_invalide_07.pdf,kbis,errone,pdf,siren_invalide
kbis/erronees/cas2_siren_invalide_08.pdf,cas2_siren_invalide_08.pdf,kbis,errone,pdf,siren_invalide
kbis/erronees/cas2_siren_invalide_09.pdf,cas2_siren_invalide_09.pdf,kbis,errone,pdf,siren_invalide
kbis/erronees/cas2_siren_invalide_10.pdf,cas2_siren_invalide_10.pdf,kbis,errone,pdf,siren_invalide
kbis/erronees/cas3_capital_negatif_01.pdf,cas3_capital_negatif_01.pdf,kbis,errone,pdf,capital_negatif
kbis/erronees/cas3_capital_negatif_02.pdf,cas3_capital_negatif_02.pdf,kbis,errone,pdf,capital_negatif
kbis/erronees/cas3_capital_negatif_03.pdf,cas3_capital_negatif_03.pdf,kbis,errone,pdf,capital_negatif
kbis/erronees/cas3_capital_negatif_04.pdf,cas3_capital_negatif_04.pdf,kbis,errone,pdf,capital_negatif
kbis/erronees/cas3_capital_negatif_05.pdf,cas3_capital_negatif_05.pdf,kbis,errone,pdf,capital_negatif
kbis/erronees/cas3_capital_negatif_06.pdf,cas3_capital_negatif_06.pdf,kbis,errone,pdf,capital_negatif
kbis/erronees/cas3_capital_negatif_07.pdf,cas3_capital_negatif_07.pdf,kbis,errone,pdf,capital_negatif
kbis/erronees/cas3_capital_negatif_08.pdf,cas3_capital_negatif_08.pdf,kbis,errone,pdf,capital_negatif
kbis/erronees/cas3_capital_negatif_09.pdf,cas3_capital_negatif_09.pdf,kbis,errone,pdf,capital_negatif
kbis/erronees/cas3_capital_negatif_10.pdf,cas3_capital_negatif_10.pdf,kbis,errone,pdf,capital_negatif
kbis/erronees/cas4_dirigeant_manquant_01.pdf,cas4_dirigeant_manquant_01.pdf,kbis,errone,pdf,dirigeant_manquant
kbis/erronees/cas4_dirigeant_manquant_02.pdf,cas4_dirigeant_manquant_02.pdf,kbis,errone,pdf,dirigeant_manquant
kbis/erronees/cas4_dirigeant_manquant_03.pdf,cas4_dirigeant_manquant_03.pdf,kbis,errone,pdf,dirigeant_manquant
kbis/erronees/cas4_dirigeant_manquant_04.pdf,cas4_dirigeant_manquant_04.pdf,kbis,errone,pdf,dirigeant_manquant
kbis/erronees/cas4_dirigeant_manquant_05.pdf,cas4_dirigeant_manquant_05.pdf,kbis,errone,pdf,dirigeant_manquant
kbis/erronees/cas4_dirigeant_manquant_06.pdf,cas4_dirigeant_manquant_06.pdf,kbis,errone,pdf,dirigeant_manquant
kbis/erronees/cas4_dirigeant_manquant_07.pdf,cas4_dirigeant_manquant_07.pdf,kbis,errone,pdf,dirigeant_manquant
kbis/erronees/cas4_dirigeant_manquant_08.pdf,cas4_dirigeant_manquant_08.pdf,kbis,errone,pdf,dirigeant_manquant
kbis/erronees/cas4_dirigeant_manquant_09.pdf,cas4_dirigeant_manquant_09.pdf,kbis,errone,pdf,dirigeant_manquant
kbis/erronees/cas4_dirigeant_manquant_10.pdf,cas4_dirigeant_manquant_10.pdf,kbis,errone,pdf,dirigeant_manquant
kbis/erronees/cas5_forme_juridique_absente_01.pdf,cas5_forme_juridique_absente_01.pdf,kbis,errone,pdf,forme_juridique_absente
kbis/erronees/cas5_forme_juridique_absente_02.pdf,cas5_forme_juridique_absente_02.pdf,kbis,errone,pdf,forme_juridique_absente
kbis/erronees/cas5_forme_juridique_absente_03.pdf,cas5_forme_juridique_absente_03.pdf,kbis,errone,pdf,forme_juridique_absente
kbis/erronees/cas5_forme_juridique_absente_04.pdf,cas5_forme_juridique_absente_04.pdf,kbis,errone,pdf,forme_juridique_absente
kbis/erronees/cas5_forme_juridique_absente_05.pdf,cas5_forme_juridique_absente_05.pdf,kbis,errone,pdf,forme_juridique_absente
kbis/erronees/cas5_forme_juridique_absente_06.pdf,cas5_forme_juridique_absente_06.pdf,kbis,errone,pdf,forme_juridique_absente
kbis/erronees/cas5_forme_juridique_absente_07.pdf,cas5_forme_juridique_absente_07.pdf,kbis,errone,pdf,forme_juridique_absente
kbis/erronees/cas5_forme_juridique_absente_08.pdf,cas5_forme_juridique_absente_08.pdf,kbis,errone,pdf,forme_juridique_absente
kbis/erronees/cas5_forme_juridique_absente_09.pdf,cas5_forme_juridique_absente_09.pdf,kbis,errone,pdf,forme_juridique_absente
kbis/erronees/cas5_forme_juridique_absente_10.pdf,cas5_forme_juridique_absente_10.pdf,kbis,errone,pdf,forme_juridique_absente
kbis/scans/kbis_01_moyen_scan.jpg,kbis_01_moyen_scan.jpg,kbis,valide,scan,
kbis/scans/kbis_02_moyen_scan.jpg,kbis_02_moyen_scan.jpg,kbis,valide,scan,
kbis/scans/kbis_03_moyen_scan.jpg,kbis_03_moyen_scan.jpg,kbis,valide,scan,
kbis/scans/kbis_04_leger_scan.jpg,kbis_04_leger_scan.jpg,kbis,valide,scan,
kbis/scans/kbis_05_severe_scan.jpg,kbis_05_severe_scan.jpg,kbis,valide,scan,
kbis/scans/kbis_06_moyen_scan.jpg,kbis_06_moyen_scan.jpg,kbis,valide,scan,
kbis/scans/kbis_07_severe_scan.jpg,kbis_07_severe_scan.jpg,kbis,valide,scan,
kbis/scans/kbis_08_moyen_scan.jpg,kbis_08_moyen_scan.jpg,kbis,valide,scan,
kbis/scans/kbis_09_moyen_scan.jpg,kbis_09_moyen_scan.jpg,kbis,valide,scan,
kbis/scans/kbis_10_leger_scan.jpg,kbis_10_leger_scan.jpg,kbis,valide,scan,
kbis/scans/kbis_11_moyen_scan.jpg,kbis_11_moyen_scan.jpg,kbis,valide,scan,
kbis/scans/kbis_12_moyen_scan.jpg,kbis_12_moyen_scan.jpg,kbis,valide,scan,
kbis/scans/kbis_13_leger_scan.jpg,kbis_13_leger_scan.jpg,kbis,valide,scan,
kbis/scans/kbis_14_severe_scan.jpg,kbis_14_severe_scan.jpg,kbis,valide,scan,
kbis/scans/kbis_15_moyen_scan.jpg,kbis_15_moyen_scan.jpg,kbis,valide,scan,
kbis/scans/kbis_16_moyen_scan.jpg,kbis_16_moyen_scan.jpg,kbis,valide,scan,
kbis/scans/kbis_17_moyen_scan.jpg,kbis_17_moyen_scan.jpg,kbis,valide,scan,
kbis/scans/kbis_18_moyen_scan.jpg,kbis_18_moyen_scan.jpg,kbis,valide,scan,
kbis/scans/kbis_19_moyen_scan.jpg,kbis_19_moyen_scan.jpg,kbis,valide,scan,
kbis/scans/kbis_20_severe_scan.jpg,kbis_20_severe_scan.jpg,kbis,valide,scan,
kbis/scans/kbis_21_moyen_scan.jpg,kbis_21_moyen_scan.jpg,kbis,valide,scan,
kbis/scans/kbis_22_severe_scan.jpg,kbis_22_severe_scan.jpg,kbis,valide,scan,
kbis/scans/kbis_23_leger_scan.jpg,kbis_23_leger_scan.jpg,kbis,valide,scan,
kbis/scans/kbis_24_moyen_scan.jpg,kbis_24_moyen_scan.jpg,kbis,valide,scan,
kbis/scans/kbis_25_severe_scan.jpg,kbis_25_severe_scan.jpg,kbis,valide,scan,
kbis/scans/kbis_26_severe_scan.jpg,kbis_26_severe_scan.jpg,kbis,valide,scan,
kbis/scans/kbis_27_leger_scan.jpg,kbis_27_leger_scan.jpg,kbis,valide,scan,
kbis/scans/kbis_28_leger_scan.jpg,kbis_28_leger_scan.jpg,kbis,valide,scan,
kbis/scans/kbis_29_moyen_scan.jpg,kbis_29_moyen_scan.jpg,kbis,valide,scan,
kbis/scans/kbis_30_leger_scan.jpg,kbis_30_leger_scan.jpg,kbis,valide,scan,
kbis/scans_erronees/cas1_kbis_perime_01_leger_scan.jpg,cas1_kbis_perime_01_leger_scan.jpg,kbis,errone,scan,
kbis/scans_erronees/cas1_kbis_perime_02_moyen_scan.jpg,cas1_kbis_perime_02_moyen_scan.jpg,kbis,errone,scan,
kbis/scans_erronees/cas1_kbis_perime_03_moyen_scan.jpg,cas1_kbis_perime_03_moyen_scan.jpg,kbis,errone,scan,
kbis/scans_erronees/cas1_kbis_perime_04_severe_scan.jpg,cas1_kbis_perime_04_severe_scan.jpg,kbis,errone,scan,
kbis/scans_erronees/cas1_kbis_perime_05_moyen_scan.jpg,cas1_kbis_perime_05_moyen_scan.jpg,kbis,errone,scan,
kbis/scans_erronees/cas1_kbis_perime_06_severe_scan.jpg,cas1_kbis_perime_06_severe_scan.jpg,kbis,errone,scan,
kbis/scans_erronees/cas1_kbis_perime_07_moyen_scan.jpg,cas1_kbis_perime_07_moyen_scan.jpg,kbis,errone,scan,
kbis/scans_erronees/cas1_kbis_perime_08_severe_scan.jpg,cas1_kbis_perime_08_severe_scan.jpg,kbis,errone,scan,
kbis/scans_erronees/cas1_kbis_perime_09_moyen_scan.jpg,cas1_kbis_perime_09_moyen_scan.jpg,kbis,errone,scan,
kbis/scans_erronees/cas1_kbis_perime_10_severe_scan.jpg,cas1_kbis_perime_10_severe_scan.jpg,kbis,errone,scan,
kbis/scans_erronees/cas2_siren_invalide_01_leger_scan.jpg,cas2_siren_invalide_01_leger_scan.jpg,kbis,errone,scan,
kbis/scans_erronees/cas2_siren_invalide_02_severe_scan.jpg,cas2_siren_invalide_02_severe_scan.jpg,kbis,errone,scan,
kbis/scans_erronees/cas2_siren_invalide_03_leger_scan.jpg,cas2_siren_invalide_03_leger_scan.jpg,kbis,errone,scan,
kbis/scans_erronees/cas2_siren_invalide_04_leger_scan.jpg,cas2_siren_invalide_04_leger_scan.jpg,kbis,errone,scan,
kbis/scans_erronees/cas2_siren_invalide_05_severe_scan.jpg,cas2_siren_invalide_05_severe_scan.jpg,kbis,errone,scan,
kbis/scans_erronees/cas2_siren_invalide_06_leger_scan.jpg,cas2_siren_invalide_06_leger_scan.jpg,kbis,errone,scan,
kbis/scans_erronees/cas2_siren_invalide_07_severe_scan.jpg,cas2_siren_invalide_07_severe_scan.jpg,kbis,errone,scan,
kbis/scans_erronees/cas2_siren_invalide_08_severe_scan.jpg,cas2_siren_invalide_08_severe_scan.jpg,kbis,errone,scan,
kbis/scans_erronees/cas2_siren_invalide_09_moyen_scan.jpg,cas2_siren_invalide_09_moyen_scan.jpg,kbis,errone,scan,
kbis/scans_erronees/cas2_siren_invalide_10_severe_scan.jpg,cas2_siren_invalide_10_severe_scan.jpg,kbis,errone,scan,
kbis/scans_erronees/cas3_capital_negatif_01_moyen_scan.jpg,cas3_capital_negatif_01_moyen_scan.jpg,kbis,errone,scan,
kbis/scans_erronees/cas3_capital_negatif_02_moyen_scan.jpg,cas3_capital_negatif_02_moyen_scan.jpg,kbis,errone,scan,
kbis/scans_erronees/cas3_capital_negatif_03_moyen_scan.jpg,cas3_capital_negatif_03_moyen_scan.jpg,kbis,errone,scan,
kbis/scans_erronees/cas3_capital_negatif_04_severe_scan.jpg,cas3_capital_negatif_04_severe_scan.jpg,kbis,errone,scan,
kbis/scans_erronees/cas3_capital_negatif_05_severe_scan.jpg,cas3_capital_negatif_05_severe_scan.jpg,kbis,errone,scan,
kbis/scans_erronees/cas3_capital_negatif_06_moyen_scan.jpg,cas3_capital_negatif_06_moyen_scan.jpg,kbis,errone,scan,
kbis/scans_erronees/cas3_capital_negatif_07_moyen_scan.jpg,cas3_capital_negatif_07_moyen_scan.jpg,kbis,errone,scan,
kbis/scans_erronees/cas3_capital_negatif_08_leger_scan.jpg,cas3_capital_negatif_08_leger_scan.jpg,kbis,errone,scan,
kbis/scans_erronees/cas3_capital_negatif_09_leger_scan.jpg,cas3_capital_negatif_09_leger_scan.jpg,kbis,errone,scan,
kbis/scans_erronees/cas3_capital_negatif_10_severe_scan.jpg,cas3_capital_negatif_10_severe_scan.jpg,kbis,errone,scan,
kbis/scans_erronees/cas4_dirigeant_manquant_01_severe_scan.jpg,cas4_dirigeant_manquant_01_severe_scan.jpg,kbis,errone,scan,
kbis/scans_erronees/cas4_dirigeant_manquant_02_severe_scan.jpg,cas4_dirigeant_manquant_02_severe_scan.jpg,kbis,errone,scan,
kbis/scans_erronees/cas4_dirigeant_manquant_03_moyen_scan.jpg,cas4_dirigeant_manquant_03_moyen_scan.jpg,kbis,errone,scan,
kbis/scans_erronees/cas4_dirigeant_manquant_04_moyen_scan.jpg,cas4_dirigeant_manquant_04_moyen_scan.jpg,kbis,errone,scan,
kbis/scans_erronees/cas4_dirigeant_manquant_05_moyen_scan.jpg,cas4_dirigeant_manquant_05_moyen_scan.jpg,kbis,errone,scan,
kbis/scans_erronees/cas4_dirigeant_manquant_06_severe_scan.jpg,cas4_dirigeant_manquant_06_severe_scan.jpg,kbis,errone,scan,
kbis/scans_erronees/cas4_dirigeant_manquant_07_severe_scan.jpg,cas4_dirigeant_manquant_07_severe_scan.jpg,kbis,errone,scan,
kbis/scans_erronees/cas4_dirigeant_manquant_08_moyen_scan.jpg,cas4_dirigeant_manquant_08_moyen_scan.jpg,kbis,errone,scan,
kbis/scans_erronees/cas4_dirigeant_manquant_09_moyen_scan.jpg,cas4_dirigeant_manquant_09_moyen_scan.jpg,kbis,errone,scan,
kbis/scans_erronees/cas4_dirigeant_manquant_10_leger_scan.jpg,cas4_dirigeant_manquant_10_leger_scan.jpg,kbis,errone,scan,
kbis/scans_erronees/cas5_forme_juridique_absente_01_leger_scan.jpg,cas5_forme_juridique_absente_01_leger_scan.jpg,kbis,errone,scan,
kbis/scans_erronees/cas5_forme_juridique_absente_02_leger_scan.jpg,cas5_forme_juridique_absente_02_leger_scan.jpg,kbis,errone,scan,
kbis/scans_erronees/cas5_forme_juridique_absente_03_moyen_scan.jpg,cas5_forme_juridique_absente_03_moyen_scan.jpg,kbis,errone,scan,
kbis/scans_erronees/cas5_forme_juridique_absente_04_moyen_scan.jpg,cas5_forme_juridique_absente_04_moyen_scan.jpg,kbis,errone,scan,
kbis/scans_erronees/cas5_forme_juridique_absente_05_severe_scan.jpg,cas5_forme_juridique_absente_05_severe_scan.jpg,kbis,errone,scan,
kbis/scans_erronees/cas5_forme_juridique_absente_06_severe_scan.jpg,cas5_forme_juridique_absente_06_severe_scan.jpg,kbis,errone,scan,
kbis/scans_erronees/cas5_forme_juridique_absente_07_severe_scan.jpg,cas5_forme_juridique_absente_07_severe_scan.jpg,kbis,errone,scan,
kbis/scans_erronees/cas5_forme_juridique_absente_08_severe_scan.jpg,cas5_forme_juridique_absente_08_severe_scan.jpg,kbis,errone,scan,
kbis/scans_erronees/cas5_forme_juridique_absente_09_moyen_scan.jpg,cas5_forme_juridique_absente_09_moyen_scan.jpg,kbis,errone,scan,
kbis/scans_erronees/cas5_forme_juridique_absente_10_leger_scan.jpg,cas5_forme_juridique_absente_10_leger_scan.jpg,kbis,errone,scan,
